"REF_DATE","GEO","DGUID","Index","Estimates","UOM","UOM_ID","SCALAR_FACTOR","SCALAR_ID","VECTOR","COORDINATE","VALUE","STATUS","SYMBOL","TERMINATED","DECIMALS"
"2015","Canada","2016A000011124","Implicit price indexes","Final consumption expenditure","2017=100","402","units","0","v62470999","1.1.1","98.0","","","","1"
"2016","Canada","2016A000011124","Implicit price indexes","Final consumption expenditure","2017=100","402","units","0","v62470999","1.1.1","98.8","","","","1"
"2017","Canada","2016A000011124","Implicit price indexes","Final consumption expenditure","2017=100","402","units","0","v62470999","1.1.1","100.0","","","","1"
"2018","Canada","2016A000011124","Implicit price indexes","Final consumption expenditure","2017=100","402","units","0","v62470999","1.1.1","101.5","","","","1"
"2019","Canada","2016A000011124","Implicit price indexes","Final consumption expenditure","2017=100","402","units","0","v62470999","1.1.1","103.3","","","","1"
"2020","Canada","2016A000011124","Implicit price indexes","Final consumption expenditure","2017=100","402","units","0","v62470999","1.1.1","105.0","","","","1"
"2021","Canada","2016A000011124","Implicit price indexes","Final consumption expenditure","2017=100","402","units","0","v62470999","1.1.1","107.8","","","","1"
"2022","Canada","2016A000011124","Implicit price indexes","Final consumption expenditure","2017=100","402","units","0","v62470999","1.1.1","113.3","","","","1"
"2023","Canada","2016A000011124","Implicit price indexes","Final consumption expenditure","2017=100","402","units","0","v62470999","1.1.1","117.4","","","","1"
"2024","Canada","2016A000011124","Implicit price indexes","Final consumption expenditure","2017=100","402","units","0","v62470999","1.1.1","121.2","","","","1"
"2015","Canada","2016A000011124","Implicit price indexes","Household final consumption expenditure","2017=100","402","units","0","v62471000","1.1.2","98.2","","","","1"
"2016","Canada","2016A000011124","Implicit price indexes","Household final consumption expenditure","2017=100","402","units","0","v62471000","1.1.2","99.0","","","","1"
"2017","Canada","2016A000011124","Implicit price indexes","Household final consumption expenditure","2017=100","402","units","0","v62471000","1.1.2","100.0","","","","1"
"2018","Canada","2016A000011124","Implicit price indexes","Household final consumption expenditure","2017=100","402","units","0","v62471000","1.1.2","101.6","","","","1"
"2019","Canada","2016A000011124","Implicit price indexes","Household final consumption expenditure","2017=100","402","units","0","v62471000","1.1.2","103.2","","","","1"
"2020","Canada","2016A000011124","Implicit price indexes","Household final consumption expenditure","2017=100","402","units","0","v62471000","1.1.2","104.0","","","","1"
"2021","Canada","2016A000011124","Implicit price indexes","Household final consumption expenditure","2017=100","402","units","0","v62471000","1.1.2","107.0","","","","1"
"2022","Canada","2016A000011124","Implicit price indexes","Household final consumption expenditure","2017=100","402","units","0","v62471000","1.1.2","113.1","","","","1"
"2023","Canada","2016A000011124","Implicit price indexes","Household final consumption expenditure","2017=100","402","units","0","v62471000","1.1.2","117.2","","","","1"
"2024","Canada","2016A000011124","Implicit price indexes","Household final consumption expenditure","2017=100","402","units","0","v62471000","1.1.2","120.4","","","","1"
"2015","Canada","2016A000011124","Implicit price indexes","Goods","2017=100","402","units","0","v62471001","1.1.3","98.3","","","","1"
"2016","Canada","2016A000011124","Implicit price indexes","Goods","2017=100","402","units","0","v62471001","1.1.3","98.9","","","","1"
"2017","Canada","2016A000011124","Implicit price indexes","Goods","2017=100","402","units","0","v62471001","1.1.3","100.0","","","","1"
"2018","Canada","2016A000011124","Implicit price indexes","Goods","2017=100","402","units","0","v62471001","1.1.3","101.8","","","","1"
"2019","Canada","2016A000011124","Implicit price indexes","Goods","2017=100","402","units","0","v62471001","1.1.3","103.0","","","","1"
"2020","Canada","2016A000011124","Implicit price indexes","Goods","2017=100","402","units","0","v62471001","1.1.3","103.2","","","","1"
"2021","Canada","2016A000011124","Implicit price indexes","Goods","2017=100","402","units","0","v62471001","1.1.3","107.7","","","","1"
"2022","Canada","2016A000011124","Implicit price indexes","Goods","2017=100","402","units","0","v62471001","1.1.3","116.2","","","","1"
"2023","Canada","2016A000011124","Implicit price indexes","Goods","2017=100","402","units","0","v62471001","1.1.3","119.7","","","","1"
"2024","Canada","2016A000011124","Implicit price indexes","Goods","2017=100","402","units","0","v62471001","1.1.3","120.9","","","","1"
"2015","Canada","2016A000011124","Implicit price indexes","Durable goods","2017=100","402","units","0","v62471002","1.1.4","97.1","","","","1"
"2016","Canada","2016A000011124","Implicit price indexes","Durable goods","2017=100","402","units","0","v62471002","1.1.4","99.0","","","","1"
"2017","Canada","2016A000011124","Implicit price indexes","Durable goods","2017=100","402","units","0","v62471002","1.1.4","100.0","","","","1"
"2018","Canada","2016A000011124","Implicit price indexes","Durable goods","2017=100","402","units","0","v62471002","1.1.4","100.6","","","","1"
"2019","Canada","2016A000011124","Implicit price indexes","Durable goods","2017=100","402","units","0","v62471002","1.1.4","101.6","","","","1"
"2020","Canada","2016A000011124","Implicit price indexes","Durable goods","2017=100","402","units","0","v62471002","1.1.4","103.3","","","","1"
"2021","Canada","2016A000011124","Implicit price indexes","Durable goods","2017=100","402","units","0","v62471002","1.1.4","108.4","","","","1"
"2022","Canada","2016A000011124","Implicit price indexes","Durable goods","2017=100","402","units","0","v62471002","1.1.4","115.0","","","","1"
"2023","Canada","2016A000011124","Implicit price indexes","Durable goods","2017=100","402","units","0","v62471002","1.1.4","117.6","","","","1"
"2024","Canada","2016A000011124","Implicit price indexes","Durable goods","2017=100","402","units","0","v62471002","1.1.4","119.0","","","","1"
"2015","Canada","2016A000011124","Implicit price indexes","Semi-durable goods","2017=100","402","units","0","v62471003","1.1.5","100.2","","","","1"
"2016","Canada","2016A000011124","Implicit price indexes","Semi-durable goods","2017=100","402","units","0","v62471003","1.1.5","100.6","","","","1"
"2017","Canada","2016A000011124","Implicit price indexes","Semi-durable goods","2017=100","402","units","0","v62471003","1.1.5","100.0","","","","1"
"2018","Canada","2016A000011124","Implicit price indexes","Semi-durable goods","2017=100","402","units","0","v62471003","1.1.5","100.3","","","","1"
"2019","Canada","2016A000011124","Implicit price indexes","Semi-durable goods","2017=100","402","units","0","v62471003","1.1.5","101.2","","","","1"
"2020","Canada","2016A000011124","Implicit price indexes","Semi-durable goods","2017=100","402","units","0","v62471003","1.1.5","101.0","","","","1"
"2021","Canada","2016A000011124","Implicit price indexes","Semi-durable goods","2017=100","402","units","0","v62471003","1.1.5","100.9","","","","1"
"2022","Canada","2016A000011124","Implicit price indexes","Semi-durable goods","2017=100","402","units","0","v62471003","1.1.5","103.3","","","","1"
"2023","Canada","2016A000011124","Implicit price indexes","Semi-durable goods","2017=100","402","units","0","v62471003","1.1.5","105.0","","","","1"
"2024","Canada","2016A000011124","Implicit price indexes","Semi-durable goods","2017=100","402","units","0","v62471003","1.1.5","103.3","","","","1"
"2015","Canada","2016A000011124","Implicit price indexes","Non-durable goods","2017=100","402","units","0","v62471004","1.1.6","98.3","","","","1"
"2016","Canada","2016A000011124","Implicit price indexes","Non-durable goods","2017=100","402","units","0","v62471004","1.1.6","98.4","","","","1"
"2017","Canada","2016A000011124","Implicit price indexes","Non-durable goods","2017=100","402","units","0","v62471004","1.1.6","100.0","","","","1"
"2018","Canada","2016A000011124","Implicit price indexes","Non-durable goods","2017=100","402","units","0","v62471004","1.1.6","102.8","","","","1"
"2019","Canada","2016A000011124","Implicit price indexes","Non-durable goods","2017=100","402","units","0","v62471004","1.1.6","104.3","","","","1"
"2020","Canada","2016A000011124","Implicit price indexes","Non-durable goods","2017=100","402","units","0","v62471004","1.1.6","103.9","","","","1"
"2021","Canada","2016A000011124","Implicit price indexes","Non-durable goods","2017=100","402","units","0","v62471004","1.1.6","109.5","","","","1"
"2022","Canada","2016A000011124","Implicit price indexes","Non-durable goods","2017=100","402","units","0","v62471004","1.1.6","120.9","","","","1"
"2023","Canada","2016A000011124","Implicit price indexes","Non-durable goods","2017=100","402","units","0","v62471004","1.1.6","125.6","","","","1"
"2024","Canada","2016A000011124","Implicit price indexes","Non-durable goods","2017=100","402","units","0","v62471004","1.1.6","127.6","","","","1"
"2015","Canada","2016A000011124","Implicit price indexes","Services","2017=100","402","units","0","v62471005","1.1.7","98.1","","","","1"
"2016","Canada","2016A000011124","Implicit price indexes","Services","2017=100","402","units","0","v62471005","1.1.7","99.1","","","","1"
"2017","Canada","2016A000011124","Implicit price indexes","Services","2017=100","402","units","0","v62471005","1.1.7","100.0","","","","1"
"2018","Canada","2016A000011124","Implicit price indexes","Services","2017=100","402","units","0","v62471005","1.1.7","101.4","","","","1"
"2019","Canada","2016A000011124","Implicit price indexes","Services","2017=100","402","units","0","v62471005","1.1.7","103.4","","","","1"
"2020","Canada","2016A000011124","Implicit price indexes","Services","2017=100","402","units","0","v62471005","1.1.7","104.6","","","","1"
"2021","Canada","2016A000011124","Implicit price indexes","Services","2017=100","402","units","0","v62471005","1.1.7","106.3","","","","1"
"2022","Canada","2016A000011124","Implicit price indexes","Services","2017=100","402","units","0","v62471005","1.1.7","110.3","","","","1"
"2023","Canada","2016A000011124","Implicit price indexes","Services","2017=100","402","units","0","v62471005","1.1.7","115.0","","","","1"
"2024","Canada","2016A000011124","Implicit price indexes","Services","2017=100","402","units","0","v62471005","1.1.7","119.7","","","","1"
"2015","Canada","2016A000011124","Implicit price indexes","Household final consumption expenditure, excluding food and energy","2017=100","402","units","0","v1457065990","1.1.29","98.0","","","","1"
"2016","Canada","2016A000011124","Implicit price indexes","Household final consumption expenditure, excluding food and energy","2017=100","402","units","0","v1457065990","1.1.29","99.2","","","","1"
"2017","Canada","2016A000011124","Implicit price indexes","Household final consumption expenditure, excluding food and energy","2017=100","402","units","0","v1457065990","1.1.29","100.0","","","","1"
"2018","Canada","2016A000011124","Implicit price indexes","Household final consumption expenditure, excluding food and energy","2017=100","402","units","0","v1457065990","1.1.29","101.2","","","","1"
"2019","Canada","2016A000011124","Implicit price indexes","Household final consumption expenditure, excluding food and energy","2017=100","402","units","0","v1457065990","1.1.29","103.0","","","","1"
"2020","Canada","2016A000011124","Implicit price indexes","Household final consumption expenditure, excluding food and energy","2017=100","402","units","0","v1457065990","1.1.29","104.1","","","","1"
"2021","Canada","2016A000011124","Implicit price indexes","Household final consumption expenditure, excluding food and energy","2017=100","402","units","0","v1457065990","1.1.29","106.3","","","","1"
"2022","Canada","2016A000011124","Implicit price indexes","Household final consumption expenditure, excluding food and energy","2017=100","402","units","0","v1457065990","1.1.29","110.6","","","","1"
"2023","Canada","2016A000011124","Implicit price indexes","Household final consumption expenditure, excluding food and energy","2017=100","402","units","0","v1457065990","1.1.29","114.9","","","","1"
"2024","Canada","2016A000011124","Implicit price indexes","Household final consumption expenditure, excluding food and energy","2017=100","402","units","0","v1457065990","1.1.29","118.3","","","","1"
"2015","Canada","2016A000011124","Implicit price indexes","Non-profit institutions serving households' final consumption expenditure","2017=100","402","units","0","v62471006","1.1.8","98.0","","","","1"
"2016","Canada","2016A000011124","Implicit price indexes","Non-profit institutions serving households' final consumption expenditure","2017=100","402","units","0","v62471006","1.1.8","97.4","","","","1"
"2017","Canada","2016A000011124","Implicit price indexes","Non-profit institutions serving households' final consumption expenditure","2017=100","402","units","0","v62471006","1.1.8","100.0","","","","1"
"2018","Canada","2016A000011124","Implicit price indexes","Non-profit institutions serving households' final consumption expenditure","2017=100","402","units","0","v62471006","1.1.8","102.9","","","","1"
"2019","Canada","2016A000011124","Implicit price indexes","Non-profit institutions serving households' final consumption expenditure","2017=100","402","units","0","v62471006","1.1.8","104.6","","","","1"
"2020","Canada","2016A000011124","Implicit price indexes","Non-profit institutions serving households' final consumption expenditure","2017=100","402","units","0","v62471006","1.1.8","105.5","","","","1"
"2021","Canada","2016A000011124","Implicit price indexes","Non-profit institutions serving households' final consumption expenditure","2017=100","402","units","0","v62471006","1.1.8","109.2","","","","1"
"2022","Canada","2016A000011124","Implicit price indexes","Non-profit institutions serving households' final consumption expenditure","2017=100","402","units","0","v62471006","1.1.8","112.9","","","","1"
"2023","Canada","2016A000011124","Implicit price indexes","Non-profit institutions serving households' final consumption expenditure","2017=100","402","units","0","v62471006","1.1.8","117.1","","","","1"
"2024","Canada","2016A000011124","Implicit price indexes","Non-profit institutions serving households' final consumption expenditure","2017=100","402","units","0","v62471006","1.1.8","119.8","","","","1"
"2015","Canada","2016A000011124","Implicit price indexes","General governments final consumption expenditure","2017=100","402","units","0","v62471007","1.1.9","97.5","","","","1"
"2016","Canada","2016A000011124","Implicit price indexes","General governments final consumption expenditure","2017=100","402","units","0","v62471007","1.1.9","98.2","","","","1"
"2017","Canada","2016A000011124","Implicit price indexes","General governments final consumption expenditure","2017=100","402","units","0","v62471007","1.1.9","100.0","","","","1"
"2018","Canada","2016A000011124","Implicit price indexes","General governments final consumption expenditure","2017=100","402","units","0","v62471007","1.1.9","101.1","","","","1"
"2019","Canada","2016A000011124","Implicit price indexes","General governments final consumption expenditure","2017=100","402","units","0","v62471007","1.1.9","103.5","","","","1"
"2020","Canada","2016A000011124","Implicit price indexes","General governments final consumption expenditure","2017=100","402","units","0","v62471007","1.1.9","107.7","","","","1"
"2021","Canada","2016A000011124","Implicit price indexes","General governments final consumption expenditure","2017=100","402","units","0","v62471007","1.1.9","109.9","","","","1"
"2022","Canada","2016A000011124","Implicit price indexes","General governments final consumption expenditure","2017=100","402","units","0","v62471007","1.1.9","114.3","","","","1"
"2023","Canada","2016A000011124","Implicit price indexes","General governments final consumption expenditure","2017=100","402","units","0","v62471007","1.1.9","118.0","","","","1"
"2024","Canada","2016A000011124","Implicit price indexes","General governments final consumption expenditure","2017=100","402","units","0","v62471007","1.1.9","123.3","","","","1"
"2015","Canada","2016A000011124","Implicit price indexes","Gross fixed capital formation","2017=100","402","units","0","v62471008","1.1.10","96.3","","","","1"
"2016","Canada","2016A000011124","Implicit price indexes","Gross fixed capital formation","2017=100","402","units","0","v62471008","1.1.10","98.1","","","","1"
"2017","Canada","2016A000011124","Implicit price indexes","Gross fixed capital formation","2017=100","402","units","0","v62471008","1.1.10","100.0","","","","1"
"2018","Canada","2016A000011124","Implicit price indexes","Gross fixed capital formation","2017=100","402","units","0","v62471008","1.1.10","101.9","","","","1"
"2019","Canada","2016A000011124","Implicit price indexes","Gross fixed capital formation","2017=100","402","units","0","v62471008","1.1.10","104.2","","","","1"
"2020","Canada","2016A000011124","Implicit price indexes","Gross fixed capital formation","2017=100","402","units","0","v62471008","1.1.10","106.7","","","","1"
"2021","Canada","2016A000011124","Implicit price indexes","Gross fixed capital formation","2017=100","402","units","0","v62471008","1.1.10","114.9","","","","1"
"2022","Canada","2016A000011124","Implicit price indexes","Gross fixed capital formation","2017=100","402","units","0","v62471008","1.1.10","126.2","","","","1"
"2023","Canada","2016A000011124","Implicit price indexes","Gross fixed capital formation","2017=100","402","units","0","v62471008","1.1.10","131.5","","","","1"
"2024","Canada","2016A000011124","Implicit price indexes","Gross fixed capital formation","2017=100","402","units","0","v62471008","1.1.10","136.3","","","","1"
"2015","Canada","2016A000011124","Implicit price indexes","Business gross fixed capital formation","2017=100","402","units","0","v62471009","1.1.11","96.0","","","","1"
"2016","Canada","2016A000011124","Implicit price indexes","Business gross fixed capital formation","2017=100","402","units","0","v62471009","1.1.11","98.0","","","","1"
"2017","Canada","2016A000011124","Implicit price indexes","Business gross fixed capital formation","2017=100","402","units","0","v62471009","1.1.11","100.0","","","","1"
"2018","Canada","2016A000011124","Implicit price indexes","Business gross fixed capital formation","2017=100","402","units","0","v62471009","1.1.11","101.9","","","","1"
"2019","Canada","2016A000011124","Implicit price indexes","Business gross fixed capital formation","2017=100","402","units","0","v62471009","1.1.11","104.2","","","","1"
"2020","Canada","2016A000011124","Implicit price indexes","Business gross fixed capital formation","2017=100","402","units","0","v62471009","1.1.11","107.2","","","","1"
"2021","Canada","2016A000011124","Implicit price indexes","Business gross fixed capital formation","2017=100","402","units","0","v62471009","1.1.11","116.0","","","","1"
"2022","Canada","2016A000011124","Implicit price indexes","Business gross fixed capital formation","2017=100","402","units","0","v62471009","1.1.11","127.8","","","","1"
"2023","Canada","2016A000011124","Implicit price indexes","Business gross fixed capital formation","2017=100","402","units","0","v62471009","1.1.11","133.3","","","","1"
"2024","Canada","2016A000011124","Implicit price indexes","Business gross fixed capital formation","2017=100","402","units","0","v62471009","1.1.11","138.1","","","","1"
"2015","Canada","2016A000011124","Implicit price indexes","Residential structures","2017=100","402","units","0","v62471010","1.1.12","92.5","","","","1"
"2016","Canada","2016A000011124","Implicit price indexes","Residential structures","2017=100","402","units","0","v62471010","1.1.12","95.8","","","","1"
"2017","Canada","2016A000011124","Implicit price indexes","Residential structures","2017=100","402","units","0","v62471010","1.1.12","100.0","","","","1"
"2018","Canada","2016A000011124","Implicit price indexes","Residential structures","2017=100","402","units","0","v62471010","1.1.12","102.1","","","","1"
"2019","Canada","2016A000011124","Implicit price indexes","Residential structures","2017=100","402","units","0","v62471010","1.1.12","104.0","","","","1"
"2020","Canada","2016A000011124","Implicit price indexes","Residential structures","2017=100","402","units","0","v62471010","1.1.12","110.2","","","","1"
"2021","Canada","2016A000011124","Implicit price indexes","Residential structures","2017=100","402","units","0","v62471010","1.1.12","125.7","","","","1"
"2022","Canada","2016A000011124","Implicit price indexes","Residential structures","2017=100","402","units","0","v62471010","1.1.12","142.5","","","","1"
"2023","Canada","2016A000011124","Implicit price indexes","Residential structures","2017=100","402","units","0","v62471010","1.1.12","146.0","","","","1"
"2024","Canada","2016A000011124","Implicit price indexes","Residential structures","2017=100","402","units","0","v62471010","1.1.12","150.9","","","","1"
"2015","Canada","2016A000011124","Implicit price indexes","Non-residential structures, machinery and equipment","2017=100","402","units","0","v62471011","1.1.13","98.5","","","","1"
"2016","Canada","2016A000011124","Implicit price indexes","Non-residential structures, machinery and equipment","2017=100","402","units","0","v62471011","1.1.13","99.8","","","","1"
"2017","Canada","2016A000011124","Implicit price indexes","Non-residential structures, machinery and equipment","2017=100","402","units","0","v62471011","1.1.13","100.0","","","","1"
"2018","Canada","2016A000011124","Implicit price indexes","Non-residential structures, machinery and equipment","2017=100","402","units","0","v62471011","1.1.13","102.1","","","","1"
"2019","Canada","2016A000011124","Implicit price indexes","Non-residential structures, machinery and equipment","2017=100","402","units","0","v62471011","1.1.13","104.6","","","","1"
"2020","Canada","2016A000011124","Implicit price indexes","Non-residential structures, machinery and equipment","2017=100","402","units","0","v62471011","1.1.13","105.6","","","","1"
"2021","Canada","2016A000011124","Implicit price indexes","Non-residential structures, machinery and equipment","2017=100","402","units","0","v62471011","1.1.13","109.1","","","","1"
"2022","Canada","2016A000011124","Implicit price indexes","Non-residential structures, machinery and equipment","2017=100","402","units","0","v62471011","1.1.13","118.1","","","","1"
"2023","Canada","2016A000011124","Implicit price indexes","Non-residential structures, machinery and equipment","2017=100","402","units","0","v62471011","1.1.13","124.6","","","","1"
"2024","Canada","2016A000011124","Implicit price indexes","Non-residential structures, machinery and equipment","2017=100","402","units","0","v62471011","1.1.13","128.9","","","","1"
"2015","Canada","2016A000011124","Implicit price indexes","Non-residential structures","2017=100","402","units","0","v62471012","1.1.14","98.0","","","","1"
"2016","Canada","2016A000011124","Implicit price indexes","Non-residential structures","2017=100","402","units","0","v62471012","1.1.14","99.3","","","","1"
"2017","Canada","2016A000011124","Implicit price indexes","Non-residential structures","2017=100","402","units","0","v62471012","1.1.14","100.0","","","","1"
"2018","Canada","2016A000011124","Implicit price indexes","Non-residential structures","2017=100","402","units","0","v62471012","1.1.14","102.5","","","","1"
"2019","Canada","2016A000011124","Implicit price indexes","Non-residential structures","2017=100","402","units","0","v62471012","1.1.14","104.8","","","","1"
"2020","Canada","2016A000011124","Implicit price indexes","Non-residential structures","2017=100","402","units","0","v62471012","1.1.14","105.4","","","","1"
"2021","Canada","2016A000011124","Implicit price indexes","Non-residential structures","2017=100","402","units","0","v62471012","1.1.14","113.3","","","","1"
"2022","Canada","2016A000011124","Implicit price indexes","Non-residential structures","2017=100","402","units","0","v62471012","1.1.14","122.7","","","","1"
"2023","Canada","2016A000011124","Implicit price indexes","Non-residential structures","2017=100","402","units","0","v62471012","1.1.14","127.6","","","","1"
"2024","Canada","2016A000011124","Implicit price indexes","Non-residential structures","2017=100","402","units","0","v62471012","1.1.14","131.7","","","","1"
"2015","Canada","2016A000011124","Implicit price indexes","Machinery and equipment","2017=100","402","units","0","v62471013","1.1.15","99.2","","","","1"
"2016","Canada","2016A000011124","Implicit price indexes","Machinery and equipment","2017=100","402","units","0","v62471013","1.1.15","100.5","","","","1"
"2017","Canada","2016A000011124","Implicit price indexes","Machinery and equipment","2017=100","402","units","0","v62471013","1.1.15","100.0","","","","1"
"2018","Canada","2016A000011124","Implicit price indexes","Machinery and equipment","2017=100","402","units","0","v62471013","1.1.15","101.4","","","","1"
"2019","Canada","2016A000011124","Implicit price indexes","Machinery and equipment","2017=100","402","units","0","v62471013","1.1.15","104.3","","","","1"
"2020","Canada","2016A000011124","Implicit price indexes","Machinery and equipment","2017=100","402","units","0","v62471013","1.1.15","106.0","","","","1"
"2021","Canada","2016A000011124","Implicit price indexes","Machinery and equipment","2017=100","402","units","0","v62471013","1.1.15","103.2","","","","1"
"2022","Canada","2016A000011124","Implicit price indexes","Machinery and equipment","2017=100","402","units","0","v62471013","1.1.15","111.6","","","","1"
"2023","Canada","2016A000011124","Implicit price indexes","Machinery and equipment","2017=100","402","units","0","v62471013","1.1.15","120.7","","","","1"
"2024","Canada","2016A000011124","Implicit price indexes","Machinery and equipment","2017=100","402","units","0","v62471013","1.1.15","125.3","","","","1"
"2015","Canada","2016A000011124","Implicit price indexes","Intellectual property products","2017=100","402","units","0","v62471014","1.1.16","98.6","","","","1"
"2016","Canada","2016A000011124","Implicit price indexes","Intellectual property products","2017=100","402","units","0","v62471014","1.1.16","99.2","","","","1"
"2017","Canada","2016A000011124","Implicit price indexes","Intellectual property products","2017=100","402","units","0","v62471014","1.1.16","100.0","","","","1"
"2018","Canada","2016A000011124","Implicit price indexes","Intellectual property products","2017=100","402","units","0","v62471014","1.1.16","99.9","","","","1"
"2019","Canada","2016A000011124","Implicit price indexes","Intellectual property products","2017=100","402","units","0","v62471014","1.1.16","102.7","","","","1"
"2020","Canada","2016A000011124","Implicit price indexes","Intellectual property products","2017=100","402","units","0","v62471014","1.1.16","103.0","","","","1"
"2021","Canada","2016A000011124","Implicit price indexes","Intellectual property products","2017=100","402","units","0","v62471014","1.1.16","105.2","","","","1"
"2022","Canada","2016A000011124","Implicit price indexes","Intellectual property products","2017=100","402","units","0","v62471014","1.1.16","109.6","","","","1"
"2023","Canada","2016A000011124","Implicit price indexes","Intellectual property products","2017=100","402","units","0","v62471014","1.1.16","116.3","","","","1"
"2024","Canada","2016A000011124","Implicit price indexes","Intellectual property products","2017=100","402","units","0","v62471014","1.1.16","122.2","","","","1"
"2015","Canada","2016A000011124","Implicit price indexes","Non-profit institutions serving households' gross fixed capital formation","2017=100","402","units","0","v62471015","1.1.17","96.2","","","","1"
"2016","Canada","2016A000011124","Implicit price indexes","Non-profit institutions serving households' gross fixed capital formation","2017=100","402","units","0","v62471015","1.1.17","97.9","","","","1"
"2017","Canada","2016A000011124","Implicit price indexes","Non-profit institutions serving households' gross fixed capital formation","2017=100","402","units","0","v62471015","1.1.17","100.0","","","","1"
"2018","Canada","2016A000011124","Implicit price indexes","Non-profit institutions serving households' gross fixed capital formation","2017=100","402","units","0","v62471015","1.1.17","101.9","","","","1"
"2019","Canada","2016A000011124","Implicit price indexes","Non-profit institutions serving households' gross fixed capital formation","2017=100","402","units","0","v62471015","1.1.17","103.6","","","","1"
"2020","Canada","2016A000011124","Implicit price indexes","Non-profit institutions serving households' gross fixed capital formation","2017=100","402","units","0","v62471015","1.1.17","105.0","","","","1"
"2021","Canada","2016A000011124","Implicit price indexes","Non-profit institutions serving households' gross fixed capital formation","2017=100","402","units","0","v62471015","1.1.17","113.0","","","","1"
"2022","Canada","2016A000011124","Implicit price indexes","Non-profit institutions serving households' gross fixed capital formation","2017=100","402","units","0","v62471015","1.1.17","122.5","","","","1"
"2023","Canada","2016A000011124","Implicit price indexes","Non-profit institutions serving households' gross fixed capital formation","2017=100","402","units","0","v62471015","1.1.17","125.5","","","","1"
"2024","Canada","2016A000011124","Implicit price indexes","Non-profit institutions serving households' gross fixed capital formation","2017=100","402","units","0","v62471015","1.1.17","128.0","","","","1"
"2015","Canada","2016A000011124","Implicit price indexes","General governments gross fixed capital formation","2017=100","402","units","0","v62471016","1.1.18","97.7","","","","1"
"2016","Canada","2016A000011124","Implicit price indexes","General governments gross fixed capital formation","2017=100","402","units","0","v62471016","1.1.18","98.5","","","","1"
"2017","Canada","2016A000011124","Implicit price indexes","General governments gross fixed capital formation","2017=100","402","units","0","v62471016","1.1.18","100.0","","","","1"
"2018","Canada","2016A000011124","Implicit price indexes","General governments gross fixed capital formation","2017=100","402","units","0","v62471016","1.1.18","102.2","","","","1"
"2019","Canada","2016A000011124","Implicit price indexes","General governments gross fixed capital formation","2017=100","402","units","0","v62471016","1.1.18","104.4","","","","1"
"2020","Canada","2016A000011124","Implicit price indexes","General governments gross fixed capital formation","2017=100","402","units","0","v62471016","1.1.18","104.6","","","","1"
"2021","Canada","2016A000011124","Implicit price indexes","General governments gross fixed capital formation","2017=100","402","units","0","v62471016","1.1.18","110.0","","","","1"
"2022","Canada","2016A000011124","Implicit price indexes","General governments gross fixed capital formation","2017=100","402","units","0","v62471016","1.1.18","119.0","","","","1"
"2023","Canada","2016A000011124","Implicit price indexes","General governments gross fixed capital formation","2017=100","402","units","0","v62471016","1.1.18","123.2","","","","1"
"2024","Canada","2016A000011124","Implicit price indexes","General governments gross fixed capital formation","2017=100","402","units","0","v62471016","1.1.18","127.7","","","","1"
"2015","Canada","2016A000011124","Implicit price indexes","Exports of goods and services","2017=100","402","units","0","v62471017","1.1.19","97.0","","","","1"
"2016","Canada","2016A000011124","Implicit price indexes","Exports of goods and services","2017=100","402","units","0","v62471017","1.1.19","96.2","","","","1"
"2017","Canada","2016A000011124","Implicit price indexes","Exports of goods and services","2017=100","402","units","0","v62471017","1.1.19","100.0","","","","1"
"2018","Canada","2016A000011124","Implicit price indexes","Exports of goods and services","2017=100","402","units","0","v62471017","1.1.19","103.6","","","","1"
"2019","Canada","2016A000011124","Implicit price indexes","Exports of goods and services","2017=100","402","units","0","v62471017","1.1.19","104.9","","","","1"
"2020","Canada","2016A000011124","Implicit price indexes","Exports of goods and services","2017=100","402","units","0","v62471017","1.1.19","100.8","","","","1"
"2021","Canada","2016A000011124","Implicit price indexes","Exports of goods and services","2017=100","402","units","0","v62471017","1.1.19","117.9","","","","1"
"2022","Canada","2016A000011124","Implicit price indexes","Exports of goods and services","2017=100","402","units","0","v62471017","1.1.19","138.5","","","","1"
"2023","Canada","2016A000011124","Implicit price indexes","Exports of goods and services","2017=100","402","units","0","v62471017","1.1.19","133.4","","","","1"
"2024","Canada","2016A000011124","Implicit price indexes","Exports of goods and services","2017=100","402","units","0","v62471017","1.1.19","135.0","","","","1"
"2015","Canada","2016A000011124","Implicit price indexes","Exports of goods","2017=100","402","units","0","v62471018","1.1.20","96.8","","","","1"
"2016","Canada","2016A000011124","Implicit price indexes","Exports of goods","2017=100","402","units","0","v62471018","1.1.20","95.6","","","","1"
"2017","Canada","2016A000011124","Implicit price indexes","Exports of goods","2017=100","402","units","0","v62471018","1.1.20","100.0","","","","1"
"2018","Canada","2016A000011124","Implicit price indexes","Exports of goods","2017=100","402","units","0","v62471018","1.1.20","103.9","","","","1"
"2019","Canada","2016A000011124","Implicit price indexes","Exports of goods","2017=100","402","units","0","v62471018","1.1.20","105.3","","","","1"
"2020","Canada","2016A000011124","Implicit price indexes","Exports of goods","2017=100","402","units","0","v62471018","1.1.20","100.1","","","","1"
"2021","Canada","2016A000011124","Implicit price indexes","Exports of goods","2017=100","402","units","0","v62471018","1.1.20","120.1","","","","1"
"2022","Canada","2016A000011124","Implicit price indexes","Exports of goods","2017=100","402","units","0","v62471018","1.1.20","143.9","","","","1"
"2023","Canada","2016A000011124","Implicit price indexes","Exports of goods","2017=100","402","units","0","v62471018","1.1.20","135.9","","","","1"
"2024","Canada","2016A000011124","Implicit price indexes","Exports of goods","2017=100","402","units","0","v62471018","1.1.20","136.7","","","","1"
"2015","Canada","2016A000011124","Implicit price indexes","Exports of services","2017=100","402","units","0","v62471019","1.1.21","97.8","","","","1"
"2016","Canada","2016A000011124","Implicit price indexes","Exports of services","2017=100","402","units","0","v62471019","1.1.21","98.7","","","","1"
"2017","Canada","2016A000011124","Implicit price indexes","Exports of services","2017=100","402","units","0","v62471019","1.1.21","100.0","","","","1"
"2018","Canada","2016A000011124","Implicit price indexes","Exports of services","2017=100","402","units","0","v62471019","1.1.21","102.5","","","","1"
"2019","Canada","2016A000011124","Implicit price indexes","Exports of services","2017=100","402","units","0","v62471019","1.1.21","103.7","","","","1"
"2020","Canada","2016A000011124","Implicit price indexes","Exports of services","2017=100","402","units","0","v62471019","1.1.21","103.6","","","","1"
"2021","Canada","2016A000011124","Implicit price indexes","Exports of services","2017=100","402","units","0","v62471019","1.1.21","108.4","","","","1"
"2022","Canada","2016A000011124","Implicit price indexes","Exports of services","2017=100","402","units","0","v62471019","1.1.21","117.3","","","","1"
"2023","Canada","2016A000011124","Implicit price indexes","Exports of services","2017=100","402","units","0","v62471019","1.1.21","122.1","","","","1"
"2024","Canada","2016A000011124","Implicit price indexes","Exports of services","2017=100","402","units","0","v62471019","1.1.21","126.2","","","","1"
"2015","Canada","2016A000011124","Implicit price indexes","Imports of goods and services","2017=100","402","units","0","v62471020","1.1.22","99.4","","","","1"
"2016","Canada","2016A000011124","Implicit price indexes","Imports of goods and services","2017=100","402","units","0","v62471020","1.1.22","99.8","","","","1"
"2017","Canada","2016A000011124","Implicit price indexes","Imports of goods and services","2017=100","402","units","0","v62471020","1.1.22","100.0","","","","1"
"2018","Canada","2016A000011124","Implicit price indexes","Imports of goods and services","2017=100","402","units","0","v62471020","1.1.22","102.8","","","","1"
"2019","Canada","2016A000011124","Implicit price indexes","Imports of goods and services","2017=100","402","units","0","v62471020","1.1.22","105.1","","","","1"
"2020","Canada","2016A000011124","Implicit price indexes","Imports of goods and services","2017=100","402","units","0","v62471020","1.1.22","104.3","","","","1"
"2021","Canada","2016A000011124","Implicit price indexes","Imports of goods and services","2017=100","402","units","0","v62471020","1.1.22","107.8","","","","1"
"2022","Canada","2016A000011124","Implicit price indexes","Imports of goods and services","2017=100","402","units","0","v62471020","1.1.22","121.1","","","","1"
"2023","Canada","2016A000011124","Implicit price indexes","Imports of goods and services","2017=100","402","units","0","v62471020","1.1.22","123.8","","","","1"
"2024","Canada","2016A000011124","Implicit price indexes","Imports of goods and services","2017=100","402","units","0","v62471020","1.1.22","126.5","","","","1"
"2015","Canada","2016A000011124","Implicit price indexes","Imports of goods","2017=100","402","units","0","v62471021","1.1.23","100.1","","","","1"
"2016","Canada","2016A000011124","Implicit price indexes","Imports of goods","2017=100","402","units","0","v62471021","1.1.23","100.0","","","","1"
"2017","Canada","2016A000011124","Implicit price indexes","Imports of goods","2017=100","402","units","0","v62471021","1.1.23","100.0","","","","1"
"2018","Canada","2016A000011124","Implicit price indexes","Imports of goods","2017=100","402","units","0","v62471021","1.1.23","102.7","","","","1"
"2019","Canada","2016A000011124","Implicit price indexes","Imports of goods","2017=100","402","units","0","v62471021","1.1.23","104.6","","","","1"
"2020","Canada","2016A000011124","Implicit price indexes","Imports of goods","2017=100","402","units","0","v62471021","1.1.23","103.1","","","","1"
"2021","Canada","2016A000011124","Implicit price indexes","Imports of goods","2017=100","402","units","0","v62471021","1.1.23","106.8","","","","1"
"2022","Canada","2016A000011124","Implicit price indexes","Imports of goods","2017=100","402","units","0","v62471021","1.1.23","120.9","","","","1"
"2023","Canada","2016A000011124","Implicit price indexes","Imports of goods","2017=100","402","units","0","v62471021","1.1.23","123.6","","","","1"
"2024","Canada","2016A000011124","Implicit price indexes","Imports of goods","2017=100","402","units","0","v62471021","1.1.23","125.8","","","","1"
"2015","Canada","2016A000011124","Implicit price indexes","Imports of services","2017=100","402","units","0","v62471022","1.1.24","96.8","","","","1"
"2016","Canada","2016A000011124","Implicit price indexes","Imports of services","2017=100","402","units","0","v62471022","1.1.24","98.8","","","","1"
"2017","Canada","2016A000011124","Implicit price indexes","Imports of services","2017=100","402","units","0","v62471022","1.1.24","100.0","","","","1"
"2018","Canada","2016A000011124","Implicit price indexes","Imports of services","2017=100","402","units","0","v62471022","1.1.24","103.0","","","","1"
"2019","Canada","2016A000011124","Implicit price indexes","Imports of services","2017=100","402","units","0","v62471022","1.1.24","106.9","","","","1"
"2020","Canada","2016A000011124","Implicit price indexes","Imports of services","2017=100","402","units","0","v62471022","1.1.24","108.7","","","","1"
"2021","Canada","2016A000011124","Implicit price indexes","Imports of services","2017=100","402","units","0","v62471022","1.1.24","111.3","","","","1"
"2022","Canada","2016A000011124","Implicit price indexes","Imports of services","2017=100","402","units","0","v62471022","1.1.24","120.8","","","","1"
"2023","Canada","2016A000011124","Implicit price indexes","Imports of services","2017=100","402","units","0","v62471022","1.1.24","123.6","","","","1"
"2024","Canada","2016A000011124","Implicit price indexes","Imports of services","2017=100","402","units","0","v62471022","1.1.24","128.3","","","","1"
"2015","Canada","2016A000011124","Implicit price indexes","Gross domestic product at market prices","2017=100","402","units","0","v62471023","1.1.25","96.8","","","","1"
"2016","Canada","2016A000011124","Implicit price indexes","Gross domestic product at market prices","2017=100","402","units","0","v62471023","1.1.25","97.5","","","","1"
"2017","Canada","2016A000011124","Implicit price indexes","Gross domestic product at market prices","2017=100","402","units","0","v62471023","1.1.25","100.0","","","","1"
"2018","Canada","2016A000011124","Implicit price indexes","Gross domestic product at market prices","2017=100","402","units","0","v62471023","1.1.25","101.7","","","","1"
"2019","Canada","2016A000011124","Implicit price indexes","Gross domestic product at market prices","2017=100","402","units","0","v62471023","1.1.25","103.2","","","","1"
"2020","Canada","2016A000011124","Implicit price indexes","Gross domestic product at market prices","2017=100","402","units","0","v62471023","1.1.25","104.3","","","","1"
"2021","Canada","2016A000011124","Implicit price indexes","Gross domestic product at market prices","2017=100","402","units","0","v62471023","1.1.25","112.5","","","","1"
"2022","Canada","2016A000011124","Implicit price indexes","Gross domestic product at market prices","2017=100","402","units","0","v62471023","1.1.25","121.3","","","","1"
"2023","Canada","2016A000011124","Implicit price indexes","Gross domestic product at market prices","2017=100","402","units","0","v62471023","1.1.25","123.0","","","","1"
"2024","Canada","2016A000011124","Implicit price indexes","Gross domestic product at market prices","2017=100","402","units","0","v62471023","1.1.25","126.7","","","","1"
"2015","Canada","2016A000011124","Implicit price indexes","Final domestic demand","2017=100","402","units","0","v62471024","1.1.26","97.6","","","","1"
"2016","Canada","2016A000011124","Implicit price indexes","Final domestic demand","2017=100","402","units","0","v62471024","1.1.26","98.6","","","","1"
"2017","Canada","2016A000011124","Implicit price indexes","Final domestic demand","2017=100","402","units","0","v62471024","1.1.26","100.0","","","","1"
"2018","Canada","2016A000011124","Implicit price indexes","Final domestic demand","2017=100","402","units","0","v62471024","1.1.26","101.6","","","","1"
"2019","Canada","2016A000011124","Implicit price indexes","Final domestic demand","2017=100","402","units","0","v62471024","1.1.26","103.5","","","","1"
"2020","Canada","2016A000011124","Implicit price indexes","Final domestic demand","2017=100","402","units","0","v62471024","1.1.26","105.4","","","","1"
"2021","Canada","2016A000011124","Implicit price indexes","Final domestic demand","2017=100","402","units","0","v62471024","1.1.26","109.4","","","","1"
"2022","Canada","2016A000011124","Implicit price indexes","Final domestic demand","2017=100","402","units","0","v62471024","1.1.26","116.3","","","","1"
"2023","Canada","2016A000011124","Implicit price indexes","Final domestic demand","2017=100","402","units","0","v62471024","1.1.26","120.6","","","","1"
"2024","Canada","2016A000011124","Implicit price indexes","Final domestic demand","2017=100","402","units","0","v62471024","1.1.26","124.6","","","","1"


