"REF_DATE","GEO","DGUID","Seasonal adjustment","Estimates","UOM","UOM_ID","SCALAR_FACTOR","SCALAR_ID","VECTOR","COORDINATE","VALUE","STATUS","SYMBOL","TERMINATED","DECIMALS"
"2015-10","Canada","2016A000011124","Seasonally adjusted at annual rates","Compensation of employees","Dollars","81","millions","6","v62295549","1.1.1","1029940","","","","0"
"2016-01","Canada","2016A000011124","Seasonally adjusted at annual rates","Compensation of employees","Dollars","81","millions","6","v62295549","1.1.1","1020836","","","","0"
"2016-04","Canada","2016A000011124","Seasonally adjusted at annual rates","Compensation of employees","Dollars","81","millions","6","v62295549","1.1.1","1022816","","","","0"
"2016-07","Canada","2016A000011124","Seasonally adjusted at annual rates","Compensation of employees","Dollars","81","millions","6","v62295549","1.1.1","1026748","","","","0"
"2016-10","Canada","2016A000011124","Seasonally adjusted at annual rates","Compensation of employees","Dollars","81","millions","6","v62295549","1.1.1","1035532","","","","0"
"2017-01","Canada","2016A000011124","Seasonally adjusted at annual rates","Compensation of employees","Dollars","81","millions","6","v62295549","1.1.1","1046532","","","","0"
"2017-04","Canada","2016A000011124","Seasonally adjusted at annual rates","Compensation of employees","Dollars","81","millions","6","v62295549","1.1.1","1058860","","","","0"
"2017-07","Canada","2016A000011124","Seasonally adjusted at annual rates","Compensation of employees","Dollars","81","millions","6","v62295549","1.1.1","1078692","","","","0"
"2017-10","Canada","2016A000011124","Seasonally adjusted at annual rates","Compensation of employees","Dollars","81","millions","6","v62295549","1.1.1","1095740","","","","0"
"2018-01","Canada","2016A000011124","Seasonally adjusted at annual rates","Compensation of employees","Dollars","81","millions","6","v62295549","1.1.1","1114100","","","","0"
"2018-04","Canada","2016A000011124","Seasonally adjusted at annual rates","Compensation of employees","Dollars","81","millions","6","v62295549","1.1.1","1121080","","","","0"
"2018-07","Canada","2016A000011124","Seasonally adjusted at annual rates","Compensation of employees","Dollars","81","millions","6","v62295549","1.1.1","1130008","","","","0"
"2018-10","Canada","2016A000011124","Seasonally adjusted at annual rates","Compensation of employees","Dollars","81","millions","6","v62295549","1.1.1","1142604","","","","0"
"2019-01","Canada","2016A000011124","Seasonally adjusted at annual rates","Compensation of employees","Dollars","81","millions","6","v62295549","1.1.1","1151640","","","","0"
"2019-04","Canada","2016A000011124","Seasonally adjusted at annual rates","Compensation of employees","Dollars","81","millions","6","v62295549","1.1.1","1167164","","","","0"
"2019-07","Canada","2016A000011124","Seasonally adjusted at annual rates","Compensation of employees","Dollars","81","millions","6","v62295549","1.1.1","1181868","","","","0"
"2019-10","Canada","2016A000011124","Seasonally adjusted at annual rates","Compensation of employees","Dollars","81","millions","6","v62295549","1.1.1","1198464","","","","0"
"2020-01","Canada","2016A000011124","Seasonally adjusted at annual rates","Compensation of employees","Dollars","81","millions","6","v62295549","1.1.1","1185424","","","","0"
"2020-04","Canada","2016A000011124","Seasonally adjusted at annual rates","Compensation of employees","Dollars","81","millions","6","v62295549","1.1.1","1085764","","","","0"
"2020-07","Canada","2016A000011124","Seasonally adjusted at annual rates","Compensation of employees","Dollars","81","millions","6","v62295549","1.1.1","1169480","","","","0"
"2020-10","Canada","2016A000011124","Seasonally adjusted at annual rates","Compensation of employees","Dollars","81","millions","6","v62295549","1.1.1","1203360","","","","0"
"2021-01","Canada","2016A000011124","Seasonally adjusted at annual rates","Compensation of employees","Dollars","81","millions","6","v62295549","1.1.1","1231196","","","","0"
"2021-04","Canada","2016A000011124","Seasonally adjusted at annual rates","Compensation of employees","Dollars","81","millions","6","v62295549","1.1.1","1247592","","","","0"
"2021-07","Canada","2016A000011124","Seasonally adjusted at annual rates","Compensation of employees","Dollars","81","millions","6","v62295549","1.1.1","1284224","","","","0"
"2021-10","Canada","2016A000011124","Seasonally adjusted at annual rates","Compensation of employees","Dollars","81","millions","6","v62295549","1.1.1","1314684","","","","0"
"2022-01","Canada","2016A000011124","Seasonally adjusted at annual rates","Compensation of employees","Dollars","81","millions","6","v62295549","1.1.1","1358480","","","","0"
"2022-04","Canada","2016A000011124","Seasonally adjusted at annual rates","Compensation of employees","Dollars","81","millions","6","v62295549","1.1.1","1380864","","","","0"
"2022-07","Canada","2016A000011124","Seasonally adjusted at annual rates","Compensation of employees","Dollars","81","millions","6","v62295549","1.1.1","1394360","","","","0"
"2022-10","Canada","2016A000011124","Seasonally adjusted at annual rates","Compensation of employees","Dollars","81","millions","6","v62295549","1.1.1","1414364","","","","0"
"2023-01","Canada","2016A000011124","Seasonally adjusted at annual rates","Compensation of employees","Dollars","81","millions","6","v62295549","1.1.1","1440360","","","","0"
"2023-04","Canada","2016A000011124","Seasonally adjusted at annual rates","Compensation of employees","Dollars","81","millions","6","v62295549","1.1.1","1471948","","","","0"
"2023-07","Canada","2016A000011124","Seasonally adjusted at annual rates","Compensation of employees","Dollars","81","millions","6","v62295549","1.1.1","1490424","","","","0"
"2023-10","Canada","2016A000011124","Seasonally adjusted at annual rates","Compensation of employees","Dollars","81","millions","6","v62295549","1.1.1","1501712","","","","0"
"2024-01","Canada","2016A000011124","Seasonally adjusted at annual rates","Compensation of employees","Dollars","81","millions","6","v62295549","1.1.1","1525536","","","","0"
"2024-04","Canada","2016A000011124","Seasonally adjusted at annual rates","Compensation of employees","Dollars","81","millions","6","v62295549","1.1.1","1552828","","","","0"
"2024-07","Canada","2016A000011124","Seasonally adjusted at annual rates","Compensation of employees","Dollars","81","millions","6","v62295549","1.1.1","1579120","","","","0"
"2024-10","Canada","2016A000011124","Seasonally adjusted at annual rates","Compensation of employees","Dollars","81","millions","6","v62295549","1.1.1","1595368","","","","0"
"2015-10","Canada","2016A000011124","Seasonally adjusted at annual rates","Wages and salaries","Dollars","81","millions","6","v62295550","1.1.2","886292","","","","0"
"2016-01","Canada","2016A000011124","Seasonally adjusted at annual rates","Wages and salaries","Dollars","81","millions","6","v62295550","1.1.2","876816","","","","0"
"2016-04","Canada","2016A000011124","Seasonally adjusted at annual rates","Wages and salaries","Dollars","81","millions","6","v62295550","1.1.2","877344","","","","0"
"2016-07","Canada","2016A000011124","Seasonally adjusted at annual rates","Wages and salaries","Dollars","81","millions","6","v62295550","1.1.2","879776","","","","0"
"2016-10","Canada","2016A000011124","Seasonally adjusted at annual rates","Wages and salaries","Dollars","81","millions","6","v62295550","1.1.2","886616","","","","0"
"2017-01","Canada","2016A000011124","Seasonally adjusted at annual rates","Wages and salaries","Dollars","81","millions","6","v62295550","1.1.2","900336","","","","0"
"2017-04","Canada","2016A000011124","Seasonally adjusted at annual rates","Wages and salaries","Dollars","81","millions","6","v62295550","1.1.2","912348","","","","0"
"2017-07","Canada","2016A000011124","Seasonally adjusted at annual rates","Wages and salaries","Dollars","81","millions","6","v62295550","1.1.2","930360","","","","0"
"2017-10","Canada","2016A000011124","Seasonally adjusted at annual rates","Wages and salaries","Dollars","81","millions","6","v62295550","1.1.2","945328","","","","0"
"2018-01","Canada","2016A000011124","Seasonally adjusted at annual rates","Wages and salaries","Dollars","81","millions","6","v62295550","1.1.2","960356","","","","0"
"2018-04","Canada","2016A000011124","Seasonally adjusted at annual rates","Wages and salaries","Dollars","81","millions","6","v62295550","1.1.2","966412","","","","0"
"2018-07","Canada","2016A000011124","Seasonally adjusted at annual rates","Wages and salaries","Dollars","81","millions","6","v62295550","1.1.2","974652","","","","0"
"2018-10","Canada","2016A000011124","Seasonally adjusted at annual rates","Wages and salaries","Dollars","81","millions","6","v62295550","1.1.2","986268","","","","0"
"2019-01","Canada","2016A000011124","Seasonally adjusted at annual rates","Wages and salaries","Dollars","81","millions","6","v62295550","1.1.2","994648","","","","0"
"2019-04","Canada","2016A000011124","Seasonally adjusted at annual rates","Wages and salaries","Dollars","81","millions","6","v62295550","1.1.2","1008468","","","","0"
"2019-07","Canada","2016A000011124","Seasonally adjusted at annual rates","Wages and salaries","Dollars","81","millions","6","v62295550","1.1.2","1021252","","","","0"
"2019-10","Canada","2016A000011124","Seasonally adjusted at annual rates","Wages and salaries","Dollars","81","millions","6","v62295550","1.1.2","1034668","","","","0"
"2020-01","Canada","2016A000011124","Seasonally adjusted at annual rates","Wages and salaries","Dollars","81","millions","6","v62295550","1.1.2","1022892","","","","0"
"2020-04","Canada","2016A000011124","Seasonally adjusted at annual rates","Wages and salaries","Dollars","81","millions","6","v62295550","1.1.2","936072","","","","0"
"2020-07","Canada","2016A000011124","Seasonally adjusted at annual rates","Wages and salaries","Dollars","81","millions","6","v62295550","1.1.2","1008420","","","","0"
"2020-10","Canada","2016A000011124","Seasonally adjusted at annual rates","Wages and salaries","Dollars","81","millions","6","v62295550","1.1.2","1038524","","","","0"
"2021-01","Canada","2016A000011124","Seasonally adjusted at annual rates","Wages and salaries","Dollars","81","millions","6","v62295550","1.1.2","1064216","","","","0"
"2021-04","Canada","2016A000011124","Seasonally adjusted at annual rates","Wages and salaries","Dollars","81","millions","6","v62295550","1.1.2","1079732","","","","0"
"2021-07","Canada","2016A000011124","Seasonally adjusted at annual rates","Wages and salaries","Dollars","81","millions","6","v62295550","1.1.2","1112576","","","","0"
"2021-10","Canada","2016A000011124","Seasonally adjusted at annual rates","Wages and salaries","Dollars","81","millions","6","v62295550","1.1.2","1139588","","","","0"
"2022-01","Canada","2016A000011124","Seasonally adjusted at annual rates","Wages and salaries","Dollars","81","millions","6","v62295550","1.1.2","1177364","","","","0"
"2022-04","Canada","2016A000011124","Seasonally adjusted at annual rates","Wages and salaries","Dollars","81","millions","6","v62295550","1.1.2","1197448","","","","0"
"2022-07","Canada","2016A000011124","Seasonally adjusted at annual rates","Wages and salaries","Dollars","81","millions","6","v62295550","1.1.2","1209392","","","","0"
"2022-10","Canada","2016A000011124","Seasonally adjusted at annual rates","Wages and salaries","Dollars","81","millions","6","v62295550","1.1.2","1227824","","","","0"
"2023-01","Canada","2016A000011124","Seasonally adjusted at annual rates","Wages and salaries","Dollars","81","millions","6","v62295550","1.1.2","1250336","","","","0"
"2023-04","Canada","2016A000011124","Seasonally adjusted at annual rates","Wages and salaries","Dollars","81","millions","6","v62295550","1.1.2","1277908","","","","0"
"2023-07","Canada","2016A000011124","Seasonally adjusted at annual rates","Wages and salaries","Dollars","81","millions","6","v62295550","1.1.2","1293852","","","","0"
"2023-10","Canada","2016A000011124","Seasonally adjusted at annual rates","Wages and salaries","Dollars","81","millions","6","v62295550","1.1.2","1303740","","","","0"
"2024-01","Canada","2016A000011124","Seasonally adjusted at annual rates","Wages and salaries","Dollars","81","millions","6","v62295550","1.1.2","1324528","","","","0"
"2024-04","Canada","2016A000011124","Seasonally adjusted at annual rates","Wages and salaries","Dollars","81","millions","6","v62295550","1.1.2","1348552","","","","0"
"2024-07","Canada","2016A000011124","Seasonally adjusted at annual rates","Wages and salaries","Dollars","81","millions","6","v62295550","1.1.2","1371744","","","","0"
"2024-10","Canada","2016A000011124","Seasonally adjusted at annual rates","Wages and salaries","Dollars","81","millions","6","v62295550","1.1.2","1385384","","","","0"
"2015-10","Canada","2016A000011124","Seasonally adjusted at annual rates","Employers' social contributions","Dollars","81","millions","6","v62295551","1.1.3","143648","","","","0"
"2016-01","Canada","2016A000011124","Seasonally adjusted at annual rates","Employers' social contributions","Dollars","81","millions","6","v62295551","1.1.3","144020","","","","0"
"2016-04","Canada","2016A000011124","Seasonally adjusted at annual rates","Employers' social contributions","Dollars","81","millions","6","v62295551","1.1.3","145472","","","","0"
"2016-07","Canada","2016A000011124","Seasonally adjusted at annual rates","Employers' social contributions","Dollars","81","millions","6","v62295551","1.1.3","146972","","","","0"
"2016-10","Canada","2016A000011124","Seasonally adjusted at annual rates","Employers' social contributions","Dollars","81","millions","6","v62295551","1.1.3","148916","","","","0"
"2017-01","Canada","2016A000011124","Seasonally adjusted at annual rates","Employers' social contributions","Dollars","81","millions","6","v62295551","1.1.3","146196","","","","0"
"2017-04","Canada","2016A000011124","Seasonally adjusted at annual rates","Employers' social contributions","Dollars","81","millions","6","v62295551","1.1.3","146512","","","","0"
"2017-07","Canada","2016A000011124","Seasonally adjusted at annual rates","Employers' social contributions","Dollars","81","millions","6","v62295551","1.1.3","148332","","","","0"
"2017-10","Canada","2016A000011124","Seasonally adjusted at annual rates","Employers' social contributions","Dollars","81","millions","6","v62295551","1.1.3","150412","","","","0"
"2018-01","Canada","2016A000011124","Seasonally adjusted at annual rates","Employers' social contributions","Dollars","81","millions","6","v62295551","1.1.3","153744","","","","0"
"2018-04","Canada","2016A000011124","Seasonally adjusted at annual rates","Employers' social contributions","Dollars","81","millions","6","v62295551","1.1.3","154668","","","","0"
"2018-07","Canada","2016A000011124","Seasonally adjusted at annual rates","Employers' social contributions","Dollars","81","millions","6","v62295551","1.1.3","155356","","","","0"
"2018-10","Canada","2016A000011124","Seasonally adjusted at annual rates","Employers' social contributions","Dollars","81","millions","6","v62295551","1.1.3","156336","","","","0"
"2019-01","Canada","2016A000011124","Seasonally adjusted at annual rates","Employers' social contributions","Dollars","81","millions","6","v62295551","1.1.3","156992","","","","0"
"2019-04","Canada","2016A000011124","Seasonally adjusted at annual rates","Employers' social contributions","Dollars","81","millions","6","v62295551","1.1.3","158696","","","","0"
"2019-07","Canada","2016A000011124","Seasonally adjusted at annual rates","Employers' social contributions","Dollars","81","millions","6","v62295551","1.1.3","160616","","","","0"
"2019-10","Canada","2016A000011124","Seasonally adjusted at annual rates","Employers' social contributions","Dollars","81","millions","6","v62295551","1.1.3","163796","","","","0"
"2020-01","Canada","2016A000011124","Seasonally adjusted at annual rates","Employers' social contributions","Dollars","81","millions","6","v62295551","1.1.3","162532","","","","0"
"2020-04","Canada","2016A000011124","Seasonally adjusted at annual rates","Employers' social contributions","Dollars","81","millions","6","v62295551","1.1.3","149692","","","","0"
"2020-07","Canada","2016A000011124","Seasonally adjusted at annual rates","Employers' social contributions","Dollars","81","millions","6","v62295551","1.1.3","161060","","","","0"
"2020-10","Canada","2016A000011124","Seasonally adjusted at annual rates","Employers' social contributions","Dollars","81","millions","6","v62295551","1.1.3","164836","","","","0"
"2021-01","Canada","2016A000011124","Seasonally adjusted at annual rates","Employers' social contributions","Dollars","81","millions","6","v62295551","1.1.3","166980","","","","0"
"2021-04","Canada","2016A000011124","Seasonally adjusted at annual rates","Employers' social contributions","Dollars","81","millions","6","v62295551","1.1.3","167860","","","","0"
"2021-07","Canada","2016A000011124","Seasonally adjusted at annual rates","Employers' social contributions","Dollars","81","millions","6","v62295551","1.1.3","171648","","","","0"
"2021-10","Canada","2016A000011124","Seasonally adjusted at annual rates","Employers' social contributions","Dollars","81","millions","6","v62295551","1.1.3","175096","","","","0"
"2022-01","Canada","2016A000011124","Seasonally adjusted at annual rates","Employers' social contributions","Dollars","81","millions","6","v62295551","1.1.3","181116","","","","0"
"2022-04","Canada","2016A000011124","Seasonally adjusted at annual rates","Employers' social contributions","Dollars","81","millions","6","v62295551","1.1.3","183416","","","","0"
"2022-07","Canada","2016A000011124","Seasonally adjusted at annual rates","Employers' social contributions","Dollars","81","millions","6","v62295551","1.1.3","184968","","","","0"
"2022-10","Canada","2016A000011124","Seasonally adjusted at annual rates","Employers' social contributions","Dollars","81","millions","6","v62295551","1.1.3","186540","","","","0"
"2023-01","Canada","2016A000011124","Seasonally adjusted at annual rates","Employers' social contributions","Dollars","81","millions","6","v62295551","1.1.3","190024","","","","0"
"2023-04","Canada","2016A000011124","Seasonally adjusted at annual rates","Employers' social contributions","Dollars","81","millions","6","v62295551","1.1.3","194040","","","","0"
"2023-07","Canada","2016A000011124","Seasonally adjusted at annual rates","Employers' social contributions","Dollars","81","millions","6","v62295551","1.1.3","196572","","","","0"
"2023-10","Canada","2016A000011124","Seasonally adjusted at annual rates","Employers' social contributions","Dollars","81","millions","6","v62295551","1.1.3","197972","","","","0"
"2024-01","Canada","2016A000011124","Seasonally adjusted at annual rates","Employers' social contributions","Dollars","81","millions","6","v62295551","1.1.3","201008","","","","0"
"2024-04","Canada","2016A000011124","Seasonally adjusted at annual rates","Employers' social contributions","Dollars","81","millions","6","v62295551","1.1.3","204276","","","","0"
"2024-07","Canada","2016A000011124","Seasonally adjusted at annual rates","Employers' social contributions","Dollars","81","millions","6","v62295551","1.1.3","207376","","","","0"
"2024-10","Canada","2016A000011124","Seasonally adjusted at annual rates","Employers' social contributions","Dollars","81","millions","6","v62295551","1.1.3","209984","","","","0"
"2015-10","Canada","2016A000011124","Seasonally adjusted at annual rates","Gross operating surplus","Dollars","81","millions","6","v62295552","1.1.4","495200","","","","0"
"2016-01","Canada","2016A000011124","Seasonally adjusted at annual rates","Gross operating surplus","Dollars","81","millions","6","v62295552","1.1.4","510072","","","","0"
"2016-04","Canada","2016A000011124","Seasonally adjusted at annual rates","Gross operating surplus","Dollars","81","millions","6","v62295552","1.1.4","502968","","","","0"
"2016-07","Canada","2016A000011124","Seasonally adjusted at annual rates","Gross operating surplus","Dollars","81","millions","6","v62295552","1.1.4","535628","","","","0"
"2016-10","Canada","2016A000011124","Seasonally adjusted at annual rates","Gross operating surplus","Dollars","81","millions","6","v62295552","1.1.4","555428","","","","0"
"2017-01","Canada","2016A000011124","Seasonally adjusted at annual rates","Gross operating surplus","Dollars","81","millions","6","v62295552","1.1.4","572812","","","","0"
"2017-04","Canada","2016A000011124","Seasonally adjusted at annual rates","Gross operating surplus","Dollars","81","millions","6","v62295552","1.1.4","573452","","","","0"
"2017-07","Canada","2016A000011124","Seasonally adjusted at annual rates","Gross operating surplus","Dollars","81","millions","6","v62295552","1.1.4","561224","","","","0"
"2017-10","Canada","2016A000011124","Seasonally adjusted at annual rates","Gross operating surplus","Dollars","81","millions","6","v62295552","1.1.4","579832","","","","0"
"2018-01","Canada","2016A000011124","Seasonally adjusted at annual rates","Gross operating surplus","Dollars","81","millions","6","v62295552","1.1.4","584156","","","","0"
"2018-04","Canada","2016A000011124","Seasonally adjusted at annual rates","Gross operating surplus","Dollars","81","millions","6","v62295552","1.1.4","605924","","","","0"
"2018-07","Canada","2016A000011124","Seasonally adjusted at annual rates","Gross operating surplus","Dollars","81","millions","6","v62295552","1.1.4","613140","","","","0"
"2018-10","Canada","2016A000011124","Seasonally adjusted at annual rates","Gross operating surplus","Dollars","81","millions","6","v62295552","1.1.4","579944","","","","0"
"2019-01","Canada","2016A000011124","Seasonally adjusted at annual rates","Gross operating surplus","Dollars","81","millions","6","v62295552","1.1.4","596332","","","","0"
"2019-04","Canada","2016A000011124","Seasonally adjusted at annual rates","Gross operating surplus","Dollars","81","millions","6","v62295552","1.1.4","616776","","","","0"
"2019-07","Canada","2016A000011124","Seasonally adjusted at annual rates","Gross operating surplus","Dollars","81","millions","6","v62295552","1.1.4","605660","","","","0"
"2019-10","Canada","2016A000011124","Seasonally adjusted at annual rates","Gross operating surplus","Dollars","81","millions","6","v62295552","1.1.4","614892","","","","0"
"2020-01","Canada","2016A000011124","Seasonally adjusted at annual rates","Gross operating surplus","Dollars","81","millions","6","v62295552","1.1.4","593092","","","","0"
"2020-04","Canada","2016A000011124","Seasonally adjusted at annual rates","Gross operating surplus","Dollars","81","millions","6","v62295552","1.1.4","568264","","","","0"
"2020-07","Canada","2016A000011124","Seasonally adjusted at annual rates","Gross operating surplus","Dollars","81","millions","6","v62295552","1.1.4","648324","","","","0"
"2020-10","Canada","2016A000011124","Seasonally adjusted at annual rates","Gross operating surplus","Dollars","81","millions","6","v62295552","1.1.4","663072","","","","0"
"2021-01","Canada","2016A000011124","Seasonally adjusted at annual rates","Gross operating surplus","Dollars","81","millions","6","v62295552","1.1.4","723348","","","","0"
"2021-04","Canada","2016A000011124","Seasonally adjusted at annual rates","Gross operating surplus","Dollars","81","millions","6","v62295552","1.1.4","752008","","","","0"
"2021-07","Canada","2016A000011124","Seasonally adjusted at annual rates","Gross operating surplus","Dollars","81","millions","6","v62295552","1.1.4","743000","","","","0"
"2021-10","Canada","2016A000011124","Seasonally adjusted at annual rates","Gross operating surplus","Dollars","81","millions","6","v62295552","1.1.4","782008","","","","0"
"2022-01","Canada","2016A000011124","Seasonally adjusted at annual rates","Gross operating surplus","Dollars","81","millions","6","v62295552","1.1.4","833324","","","","0"
"2022-04","Canada","2016A000011124","Seasonally adjusted at annual rates","Gross operating surplus","Dollars","81","millions","6","v62295552","1.1.4","897860","","","","0"
"2022-07","Canada","2016A000011124","Seasonally adjusted at annual rates","Gross operating surplus","Dollars","81","millions","6","v62295552","1.1.4","865832","","","","0"
"2022-10","Canada","2016A000011124","Seasonally adjusted at annual rates","Gross operating surplus","Dollars","81","millions","6","v62295552","1.1.4","830384","","","","0"
"2023-01","Canada","2016A000011124","Seasonally adjusted at annual rates","Gross operating surplus","Dollars","81","millions","6","v62295552","1.1.4","806412","","","","0"
"2023-04","Canada","2016A000011124","Seasonally adjusted at annual rates","Gross operating surplus","Dollars","81","millions","6","v62295552","1.1.4","781108","","","","0"
"2023-07","Canada","2016A000011124","Seasonally adjusted at annual rates","Gross operating surplus","Dollars","81","millions","6","v62295552","1.1.4","807188","","","","0"
"2023-10","Canada","2016A000011124","Seasonally adjusted at annual rates","Gross operating surplus","Dollars","81","millions","6","v62295552","1.1.4","830556","","","","0"
"2024-01","Canada","2016A000011124","Seasonally adjusted at annual rates","Gross operating surplus","Dollars","81","millions","6","v62295552","1.1.4","788076","","","","0"
"2024-04","Canada","2016A000011124","Seasonally adjusted at annual rates","Gross operating surplus","Dollars","81","millions","6","v62295552","1.1.4","805628","","","","0"
"2024-07","Canada","2016A000011124","Seasonally adjusted at annual rates","Gross operating surplus","Dollars","81","millions","6","v62295552","1.1.4","803340","","","","0"
"2024-10","Canada","2016A000011124","Seasonally adjusted at annual rates","Gross operating surplus","Dollars","81","millions","6","v62295552","1.1.4","837576","","","","0"
"2015-10","Canada","2016A000011124","Seasonally adjusted at annual rates","Net operating surplus: corporations","Dollars","81","millions","6","v62295553","1.1.5","206004","","","","0"
"2016-01","Canada","2016A000011124","Seasonally adjusted at annual rates","Net operating surplus: corporations","Dollars","81","millions","6","v62295553","1.1.5","219116","","","","0"
"2016-04","Canada","2016A000011124","Seasonally adjusted at annual rates","Net operating surplus: corporations","Dollars","81","millions","6","v62295553","1.1.5","209476","","","","0"
"2016-07","Canada","2016A000011124","Seasonally adjusted at annual rates","Net operating surplus: corporations","Dollars","81","millions","6","v62295553","1.1.5","243612","","","","0"
"2016-10","Canada","2016A000011124","Seasonally adjusted at annual rates","Net operating surplus: corporations","Dollars","81","millions","6","v62295553","1.1.5","262848","","","","0"
"2017-01","Canada","2016A000011124","Seasonally adjusted at annual rates","Net operating surplus: corporations","Dollars","81","millions","6","v62295553","1.1.5","280600","","","","0"
"2017-04","Canada","2016A000011124","Seasonally adjusted at annual rates","Net operating surplus: corporations","Dollars","81","millions","6","v62295553","1.1.5","280004","","","","0"
"2017-07","Canada","2016A000011124","Seasonally adjusted at annual rates","Net operating surplus: corporations","Dollars","81","millions","6","v62295553","1.1.5","269696","","","","0"
"2017-10","Canada","2016A000011124","Seasonally adjusted at annual rates","Net operating surplus: corporations","Dollars","81","millions","6","v62295553","1.1.5","284812","","","","0"
"2018-01","Canada","2016A000011124","Seasonally adjusted at annual rates","Net operating surplus: corporations","Dollars","81","millions","6","v62295553","1.1.5","287548","","","","0"
"2018-04","Canada","2016A000011124","Seasonally adjusted at annual rates","Net operating surplus: corporations","Dollars","81","millions","6","v62295553","1.1.5","305316","","","","0"
"2018-07","Canada","2016A000011124","Seasonally adjusted at annual rates","Net operating surplus: corporations","Dollars","81","millions","6","v62295553","1.1.5","306080","","","","0"
"2018-10","Canada","2016A000011124","Seasonally adjusted at annual rates","Net operating surplus: corporations","Dollars","81","millions","6","v62295553","1.1.5","270080","","","","0"
"2019-01","Canada","2016A000011124","Seasonally adjusted at annual rates","Net operating surplus: corporations","Dollars","81","millions","6","v62295553","1.1.5","284336","","","","0"
"2019-04","Canada","2016A000011124","Seasonally adjusted at annual rates","Net operating surplus: corporations","Dollars","81","millions","6","v62295553","1.1.5","300556","","","","0"
"2019-07","Canada","2016A000011124","Seasonally adjusted at annual rates","Net operating surplus: corporations","Dollars","81","millions","6","v62295553","1.1.5","289160","","","","0"
"2019-10","Canada","2016A000011124","Seasonally adjusted at annual rates","Net operating surplus: corporations","Dollars","81","millions","6","v62295553","1.1.5","294856","","","","0"
"2020-01","Canada","2016A000011124","Seasonally adjusted at annual rates","Net operating surplus: corporations","Dollars","81","millions","6","v62295553","1.1.5","269792","","","","0"
"2020-04","Canada","2016A000011124","Seasonally adjusted at annual rates","Net operating surplus: corporations","Dollars","81","millions","6","v62295553","1.1.5","244480","","","","0"
"2020-07","Canada","2016A000011124","Seasonally adjusted at annual rates","Net operating surplus: corporations","Dollars","81","millions","6","v62295553","1.1.5","324516","","","","0"
"2020-10","Canada","2016A000011124","Seasonally adjusted at annual rates","Net operating surplus: corporations","Dollars","81","millions","6","v62295553","1.1.5","340588","","","","0"
"2021-01","Canada","2016A000011124","Seasonally adjusted at annual rates","Net operating surplus: corporations","Dollars","81","millions","6","v62295553","1.1.5","397772","","","","0"
"2021-04","Canada","2016A000011124","Seasonally adjusted at annual rates","Net operating surplus: corporations","Dollars","81","millions","6","v62295553","1.1.5","419776","","","","0"
"2021-07","Canada","2016A000011124","Seasonally adjusted at annual rates","Net operating surplus: corporations","Dollars","81","millions","6","v62295553","1.1.5","401400","","","","0"
"2021-10","Canada","2016A000011124","Seasonally adjusted at annual rates","Net operating surplus: corporations","Dollars","81","millions","6","v62295553","1.1.5","432936","","","","0"
"2022-01","Canada","2016A000011124","Seasonally adjusted at annual rates","Net operating surplus: corporations","Dollars","81","millions","6","v62295553","1.1.5","476880","","","","0"
"2022-04","Canada","2016A000011124","Seasonally adjusted at annual rates","Net operating surplus: corporations","Dollars","81","millions","6","v62295553","1.1.5","531836","","","","0"
"2022-07","Canada","2016A000011124","Seasonally adjusted at annual rates","Net operating surplus: corporations","Dollars","81","millions","6","v62295553","1.1.5","490804","","","","0"
"2022-10","Canada","2016A000011124","Seasonally adjusted at annual rates","Net operating surplus: corporations","Dollars","81","millions","6","v62295553","1.1.5","448192","","","","0"
"2023-01","Canada","2016A000011124","Seasonally adjusted at annual rates","Net operating surplus: corporations","Dollars","81","millions","6","v62295553","1.1.5","421668","","","","0"
"2023-04","Canada","2016A000011124","Seasonally adjusted at annual rates","Net operating surplus: corporations","Dollars","81","millions","6","v62295553","1.1.5","391796","","","","0"
"2023-07","Canada","2016A000011124","Seasonally adjusted at annual rates","Net operating surplus: corporations","Dollars","81","millions","6","v62295553","1.1.5","413412","","","","0"
"2023-10","Canada","2016A000011124","Seasonally adjusted at annual rates","Net operating surplus: corporations","Dollars","81","millions","6","v62295553","1.1.5","432468","","","","0"
"2024-01","Canada","2016A000011124","Seasonally adjusted at annual rates","Net operating surplus: corporations","Dollars","81","millions","6","v62295553","1.1.5","386056","","","","0"
"2024-04","Canada","2016A000011124","Seasonally adjusted at annual rates","Net operating surplus: corporations","Dollars","81","millions","6","v62295553","1.1.5","396588","","","","0"
"2024-07","Canada","2016A000011124","Seasonally adjusted at annual rates","Net operating surplus: corporations","Dollars","81","millions","6","v62295553","1.1.5","389160","","","","0"
"2024-10","Canada","2016A000011124","Seasonally adjusted at annual rates","Net operating surplus: corporations","Dollars","81","millions","6","v62295553","1.1.5","418656","","","","0"
"2015-10","Canada","2016A000011124","Seasonally adjusted at annual rates","Consumption of fixed capital: corporations","Dollars","81","millions","6","v62295554","1.1.6","220708","","","","0"
"2016-01","Canada","2016A000011124","Seasonally adjusted at annual rates","Consumption of fixed capital: corporations","Dollars","81","millions","6","v62295554","1.1.6","222220","","","","0"
"2016-04","Canada","2016A000011124","Seasonally adjusted at annual rates","Consumption of fixed capital: corporations","Dollars","81","millions","6","v62295554","1.1.6","224592","","","","0"
"2016-07","Canada","2016A000011124","Seasonally adjusted at annual rates","Consumption of fixed capital: corporations","Dollars","81","millions","6","v62295554","1.1.6","222552","","","","0"
"2016-10","Canada","2016A000011124","Seasonally adjusted at annual rates","Consumption of fixed capital: corporations","Dollars","81","millions","6","v62295554","1.1.6","222452","","","","0"
"2017-01","Canada","2016A000011124","Seasonally adjusted at annual rates","Consumption of fixed capital: corporations","Dollars","81","millions","6","v62295554","1.1.6","221744","","","","0"
"2017-04","Canada","2016A000011124","Seasonally adjusted at annual rates","Consumption of fixed capital: corporations","Dollars","81","millions","6","v62295554","1.1.6","222304","","","","0"
"2017-07","Canada","2016A000011124","Seasonally adjusted at annual rates","Consumption of fixed capital: corporations","Dollars","81","millions","6","v62295554","1.1.6","220532","","","","0"
"2017-10","Canada","2016A000011124","Seasonally adjusted at annual rates","Consumption of fixed capital: corporations","Dollars","81","millions","6","v62295554","1.1.6","223472","","","","0"
"2018-01","Canada","2016A000011124","Seasonally adjusted at annual rates","Consumption of fixed capital: corporations","Dollars","81","millions","6","v62295554","1.1.6","224228","","","","0"
"2018-04","Canada","2016A000011124","Seasonally adjusted at annual rates","Consumption of fixed capital: corporations","Dollars","81","millions","6","v62295554","1.1.6","227220","","","","0"
"2018-07","Canada","2016A000011124","Seasonally adjusted at annual rates","Consumption of fixed capital: corporations","Dollars","81","millions","6","v62295554","1.1.6","232068","","","","0"
"2018-10","Canada","2016A000011124","Seasonally adjusted at annual rates","Consumption of fixed capital: corporations","Dollars","81","millions","6","v62295554","1.1.6","234160","","","","0"
"2019-01","Canada","2016A000011124","Seasonally adjusted at annual rates","Consumption of fixed capital: corporations","Dollars","81","millions","6","v62295554","1.1.6","235716","","","","0"
"2019-04","Canada","2016A000011124","Seasonally adjusted at annual rates","Consumption of fixed capital: corporations","Dollars","81","millions","6","v62295554","1.1.6","239248","","","","0"
"2019-07","Canada","2016A000011124","Seasonally adjusted at annual rates","Consumption of fixed capital: corporations","Dollars","81","millions","6","v62295554","1.1.6","239324","","","","0"
"2019-10","Canada","2016A000011124","Seasonally adjusted at annual rates","Consumption of fixed capital: corporations","Dollars","81","millions","6","v62295554","1.1.6","242164","","","","0"
"2020-01","Canada","2016A000011124","Seasonally adjusted at annual rates","Consumption of fixed capital: corporations","Dollars","81","millions","6","v62295554","1.1.6","244448","","","","0"
"2020-04","Canada","2016A000011124","Seasonally adjusted at annual rates","Consumption of fixed capital: corporations","Dollars","81","millions","6","v62295554","1.1.6","245304","","","","0"
"2020-07","Canada","2016A000011124","Seasonally adjusted at annual rates","Consumption of fixed capital: corporations","Dollars","81","millions","6","v62295554","1.1.6","244772","","","","0"
"2020-10","Canada","2016A000011124","Seasonally adjusted at annual rates","Consumption of fixed capital: corporations","Dollars","81","millions","6","v62295554","1.1.6","242544","","","","0"
"2021-01","Canada","2016A000011124","Seasonally adjusted at annual rates","Consumption of fixed capital: corporations","Dollars","81","millions","6","v62295554","1.1.6","244144","","","","0"
"2021-04","Canada","2016A000011124","Seasonally adjusted at annual rates","Consumption of fixed capital: corporations","Dollars","81","millions","6","v62295554","1.1.6","249320","","","","0"
"2021-07","Canada","2016A000011124","Seasonally adjusted at annual rates","Consumption of fixed capital: corporations","Dollars","81","millions","6","v62295554","1.1.6","256824","","","","0"
"2021-10","Canada","2016A000011124","Seasonally adjusted at annual rates","Consumption of fixed capital: corporations","Dollars","81","millions","6","v62295554","1.1.6","262344","","","","0"
"2022-01","Canada","2016A000011124","Seasonally adjusted at annual rates","Consumption of fixed capital: corporations","Dollars","81","millions","6","v62295554","1.1.6","267420","","","","0"
"2022-04","Canada","2016A000011124","Seasonally adjusted at annual rates","Consumption of fixed capital: corporations","Dollars","81","millions","6","v62295554","1.1.6","274300","","","","0"
"2022-07","Canada","2016A000011124","Seasonally adjusted at annual rates","Consumption of fixed capital: corporations","Dollars","81","millions","6","v62295554","1.1.6","281248","","","","0"
"2022-10","Canada","2016A000011124","Seasonally adjusted at annual rates","Consumption of fixed capital: corporations","Dollars","81","millions","6","v62295554","1.1.6","287600","","","","0"
"2023-01","Canada","2016A000011124","Seasonally adjusted at annual rates","Consumption of fixed capital: corporations","Dollars","81","millions","6","v62295554","1.1.6","289924","","","","0"
"2023-04","Canada","2016A000011124","Seasonally adjusted at annual rates","Consumption of fixed capital: corporations","Dollars","81","millions","6","v62295554","1.1.6","293104","","","","0"
"2023-07","Canada","2016A000011124","Seasonally adjusted at annual rates","Consumption of fixed capital: corporations","Dollars","81","millions","6","v62295554","1.1.6","296488","","","","0"
"2023-10","Canada","2016A000011124","Seasonally adjusted at annual rates","Consumption of fixed capital: corporations","Dollars","81","millions","6","v62295554","1.1.6","299508","","","","0"
"2024-01","Canada","2016A000011124","Seasonally adjusted at annual rates","Consumption of fixed capital: corporations","Dollars","81","millions","6","v62295554","1.1.6","302340","","","","0"
"2024-04","Canada","2016A000011124","Seasonally adjusted at annual rates","Consumption of fixed capital: corporations","Dollars","81","millions","6","v62295554","1.1.6","307872","","","","0"
"2024-07","Canada","2016A000011124","Seasonally adjusted at annual rates","Consumption of fixed capital: corporations","Dollars","81","millions","6","v62295554","1.1.6","311788","","","","0"
"2024-10","Canada","2016A000011124","Seasonally adjusted at annual rates","Consumption of fixed capital: corporations","Dollars","81","millions","6","v62295554","1.1.6","314700","","","","0"
"2015-10","Canada","2016A000011124","Seasonally adjusted at annual rates","Consumption of fixed capital: general governments and non-profit institutions serving households","Dollars","81","millions","6","v62295555","1.1.7","68488","","","","0"
"2016-01","Canada","2016A000011124","Seasonally adjusted at annual rates","Consumption of fixed capital: general governments and non-profit institutions serving households","Dollars","81","millions","6","v62295555","1.1.7","68736","","","","0"
"2016-04","Canada","2016A000011124","Seasonally adjusted at annual rates","Consumption of fixed capital: general governments and non-profit institutions serving households","Dollars","81","millions","6","v62295555","1.1.7","68900","","","","0"
"2016-07","Canada","2016A000011124","Seasonally adjusted at annual rates","Consumption of fixed capital: general governments and non-profit institutions serving households","Dollars","81","millions","6","v62295555","1.1.7","69464","","","","0"
"2016-10","Canada","2016A000011124","Seasonally adjusted at annual rates","Consumption of fixed capital: general governments and non-profit institutions serving households","Dollars","81","millions","6","v62295555","1.1.7","70128","","","","0"
"2017-01","Canada","2016A000011124","Seasonally adjusted at annual rates","Consumption of fixed capital: general governments and non-profit institutions serving households","Dollars","81","millions","6","v62295555","1.1.7","70468","","","","0"
"2017-04","Canada","2016A000011124","Seasonally adjusted at annual rates","Consumption of fixed capital: general governments and non-profit institutions serving households","Dollars","81","millions","6","v62295555","1.1.7","71144","","","","0"
"2017-07","Canada","2016A000011124","Seasonally adjusted at annual rates","Consumption of fixed capital: general governments and non-profit institutions serving households","Dollars","81","millions","6","v62295555","1.1.7","70996","","","","0"
"2017-10","Canada","2016A000011124","Seasonally adjusted at annual rates","Consumption of fixed capital: general governments and non-profit institutions serving households","Dollars","81","millions","6","v62295555","1.1.7","71548","","","","0"
"2018-01","Canada","2016A000011124","Seasonally adjusted at annual rates","Consumption of fixed capital: general governments and non-profit institutions serving households","Dollars","81","millions","6","v62295555","1.1.7","72380","","","","0"
"2018-04","Canada","2016A000011124","Seasonally adjusted at annual rates","Consumption of fixed capital: general governments and non-profit institutions serving households","Dollars","81","millions","6","v62295555","1.1.7","73388","","","","0"
"2018-07","Canada","2016A000011124","Seasonally adjusted at annual rates","Consumption of fixed capital: general governments and non-profit institutions serving households","Dollars","81","millions","6","v62295555","1.1.7","74992","","","","0"
"2018-10","Canada","2016A000011124","Seasonally adjusted at annual rates","Consumption of fixed capital: general governments and non-profit institutions serving households","Dollars","81","millions","6","v62295555","1.1.7","75704","","","","0"
"2019-01","Canada","2016A000011124","Seasonally adjusted at annual rates","Consumption of fixed capital: general governments and non-profit institutions serving households","Dollars","81","millions","6","v62295555","1.1.7","76280","","","","0"
"2019-04","Canada","2016A000011124","Seasonally adjusted at annual rates","Consumption of fixed capital: general governments and non-profit institutions serving households","Dollars","81","millions","6","v62295555","1.1.7","76972","","","","0"
"2019-07","Canada","2016A000011124","Seasonally adjusted at annual rates","Consumption of fixed capital: general governments and non-profit institutions serving households","Dollars","81","millions","6","v62295555","1.1.7","77176","","","","0"
"2019-10","Canada","2016A000011124","Seasonally adjusted at annual rates","Consumption of fixed capital: general governments and non-profit institutions serving households","Dollars","81","millions","6","v62295555","1.1.7","77872","","","","0"
"2020-01","Canada","2016A000011124","Seasonally adjusted at annual rates","Consumption of fixed capital: general governments and non-profit institutions serving households","Dollars","81","millions","6","v62295555","1.1.7","78852","","","","0"
"2020-04","Canada","2016A000011124","Seasonally adjusted at annual rates","Consumption of fixed capital: general governments and non-profit institutions serving households","Dollars","81","millions","6","v62295555","1.1.7","78480","","","","0"
"2020-07","Canada","2016A000011124","Seasonally adjusted at annual rates","Consumption of fixed capital: general governments and non-profit institutions serving households","Dollars","81","millions","6","v62295555","1.1.7","79036","","","","0"
"2020-10","Canada","2016A000011124","Seasonally adjusted at annual rates","Consumption of fixed capital: general governments and non-profit institutions serving households","Dollars","81","millions","6","v62295555","1.1.7","79940","","","","0"
"2021-01","Canada","2016A000011124","Seasonally adjusted at annual rates","Consumption of fixed capital: general governments and non-profit institutions serving households","Dollars","81","millions","6","v62295555","1.1.7","81432","","","","0"
"2021-04","Canada","2016A000011124","Seasonally adjusted at annual rates","Consumption of fixed capital: general governments and non-profit institutions serving households","Dollars","81","millions","6","v62295555","1.1.7","82912","","","","0"
"2021-07","Canada","2016A000011124","Seasonally adjusted at annual rates","Consumption of fixed capital: general governments and non-profit institutions serving households","Dollars","81","millions","6","v62295555","1.1.7","84776","","","","0"
"2021-10","Canada","2016A000011124","Seasonally adjusted at annual rates","Consumption of fixed capital: general governments and non-profit institutions serving households","Dollars","81","millions","6","v62295555","1.1.7","86728","","","","0"
"2022-01","Canada","2016A000011124","Seasonally adjusted at annual rates","Consumption of fixed capital: general governments and non-profit institutions serving households","Dollars","81","millions","6","v62295555","1.1.7","89024","","","","0"
"2022-04","Canada","2016A000011124","Seasonally adjusted at annual rates","Consumption of fixed capital: general governments and non-profit institutions serving households","Dollars","81","millions","6","v62295555","1.1.7","91724","","","","0"
"2022-07","Canada","2016A000011124","Seasonally adjusted at annual rates","Consumption of fixed capital: general governments and non-profit institutions serving households","Dollars","81","millions","6","v62295555","1.1.7","93780","","","","0"
"2022-10","Canada","2016A000011124","Seasonally adjusted at annual rates","Consumption of fixed capital: general governments and non-profit institutions serving households","Dollars","81","millions","6","v62295555","1.1.7","94592","","","","0"
"2023-01","Canada","2016A000011124","Seasonally adjusted at annual rates","Consumption of fixed capital: general governments and non-profit institutions serving households","Dollars","81","millions","6","v62295555","1.1.7","94820","","","","0"
"2023-04","Canada","2016A000011124","Seasonally adjusted at annual rates","Consumption of fixed capital: general governments and non-profit institutions serving households","Dollars","81","millions","6","v62295555","1.1.7","96208","","","","0"
"2023-07","Canada","2016A000011124","Seasonally adjusted at annual rates","Consumption of fixed capital: general governments and non-profit institutions serving households","Dollars","81","millions","6","v62295555","1.1.7","97288","","","","0"
"2023-10","Canada","2016A000011124","Seasonally adjusted at annual rates","Consumption of fixed capital: general governments and non-profit institutions serving households","Dollars","81","millions","6","v62295555","1.1.7","98580","","","","0"
"2024-01","Canada","2016A000011124","Seasonally adjusted at annual rates","Consumption of fixed capital: general governments and non-profit institutions serving households","Dollars","81","millions","6","v62295555","1.1.7","99680","","","","0"
"2024-04","Canada","2016A000011124","Seasonally adjusted at annual rates","Consumption of fixed capital: general governments and non-profit institutions serving households","Dollars","81","millions","6","v62295555","1.1.7","101168","","","","0"
"2024-07","Canada","2016A000011124","Seasonally adjusted at annual rates","Consumption of fixed capital: general governments and non-profit institutions serving households","Dollars","81","millions","6","v62295555","1.1.7","102392","","","","0"
"2024-10","Canada","2016A000011124","Seasonally adjusted at annual rates","Consumption of fixed capital: general governments and non-profit institutions serving households","Dollars","81","millions","6","v62295555","1.1.7","104220","","","","0"
"2015-10","Canada","2016A000011124","Seasonally adjusted at annual rates","Gross mixed income","Dollars","81","millions","6","v62295556","1.1.8","239116","","","","0"
"2016-01","Canada","2016A000011124","Seasonally adjusted at annual rates","Gross mixed income","Dollars","81","millions","6","v62295556","1.1.8","240828","","","","0"
"2016-04","Canada","2016A000011124","Seasonally adjusted at annual rates","Gross mixed income","Dollars","81","millions","6","v62295556","1.1.8","248600","","","","0"
"2016-07","Canada","2016A000011124","Seasonally adjusted at annual rates","Gross mixed income","Dollars","81","millions","6","v62295556","1.1.8","243324","","","","0"
"2016-10","Canada","2016A000011124","Seasonally adjusted at annual rates","Gross mixed income","Dollars","81","millions","6","v62295556","1.1.8","244860","","","","0"
"2017-01","Canada","2016A000011124","Seasonally adjusted at annual rates","Gross mixed income","Dollars","81","millions","6","v62295556","1.1.8","248048","","","","0"
"2017-04","Canada","2016A000011124","Seasonally adjusted at annual rates","Gross mixed income","Dollars","81","millions","6","v62295556","1.1.8","250996","","","","0"
"2017-07","Canada","2016A000011124","Seasonally adjusted at annual rates","Gross mixed income","Dollars","81","millions","6","v62295556","1.1.8","253560","","","","0"
"2017-10","Canada","2016A000011124","Seasonally adjusted at annual rates","Gross mixed income","Dollars","81","millions","6","v62295556","1.1.8","257672","","","","0"
"2018-01","Canada","2016A000011124","Seasonally adjusted at annual rates","Gross mixed income","Dollars","81","millions","6","v62295556","1.1.8","257532","","","","0"
"2018-04","Canada","2016A000011124","Seasonally adjusted at annual rates","Gross mixed income","Dollars","81","millions","6","v62295556","1.1.8","260648","","","","0"
"2018-07","Canada","2016A000011124","Seasonally adjusted at annual rates","Gross mixed income","Dollars","81","millions","6","v62295556","1.1.8","261876","","","","0"
"2018-10","Canada","2016A000011124","Seasonally adjusted at annual rates","Gross mixed income","Dollars","81","millions","6","v62295556","1.1.8","265456","","","","0"
"2019-01","Canada","2016A000011124","Seasonally adjusted at annual rates","Gross mixed income","Dollars","81","millions","6","v62295556","1.1.8","268540","","","","0"
"2019-04","Canada","2016A000011124","Seasonally adjusted at annual rates","Gross mixed income","Dollars","81","millions","6","v62295556","1.1.8","272896","","","","0"
"2019-07","Canada","2016A000011124","Seasonally adjusted at annual rates","Gross mixed income","Dollars","81","millions","6","v62295556","1.1.8","278000","","","","0"
"2019-10","Canada","2016A000011124","Seasonally adjusted at annual rates","Gross mixed income","Dollars","81","millions","6","v62295556","1.1.8","283920","","","","0"
"2020-01","Canada","2016A000011124","Seasonally adjusted at annual rates","Gross mixed income","Dollars","81","millions","6","v62295556","1.1.8","282156","","","","0"
"2020-04","Canada","2016A000011124","Seasonally adjusted at annual rates","Gross mixed income","Dollars","81","millions","6","v62295556","1.1.8","271396","","","","0"
"2020-07","Canada","2016A000011124","Seasonally adjusted at annual rates","Gross mixed income","Dollars","81","millions","6","v62295556","1.1.8","278396","","","","0"
"2020-10","Canada","2016A000011124","Seasonally adjusted at annual rates","Gross mixed income","Dollars","81","millions","6","v62295556","1.1.8","279100","","","","0"
"2021-01","Canada","2016A000011124","Seasonally adjusted at annual rates","Gross mixed income","Dollars","81","millions","6","v62295556","1.1.8","286176","","","","0"
"2021-04","Canada","2016A000011124","Seasonally adjusted at annual rates","Gross mixed income","Dollars","81","millions","6","v62295556","1.1.8","290544","","","","0"
"2021-07","Canada","2016A000011124","Seasonally adjusted at annual rates","Gross mixed income","Dollars","81","millions","6","v62295556","1.1.8","293440","","","","0"
"2021-10","Canada","2016A000011124","Seasonally adjusted at annual rates","Gross mixed income","Dollars","81","millions","6","v62295556","1.1.8","294200","","","","0"
"2022-01","Canada","2016A000011124","Seasonally adjusted at annual rates","Gross mixed income","Dollars","81","millions","6","v62295556","1.1.8","306692","","","","0"
"2022-04","Canada","2016A000011124","Seasonally adjusted at annual rates","Gross mixed income","Dollars","81","millions","6","v62295556","1.1.8","317716","","","","0"
"2022-07","Canada","2016A000011124","Seasonally adjusted at annual rates","Gross mixed income","Dollars","81","millions","6","v62295556","1.1.8","324488","","","","0"
"2022-10","Canada","2016A000011124","Seasonally adjusted at annual rates","Gross mixed income","Dollars","81","millions","6","v62295556","1.1.8","330744","","","","0"
"2023-01","Canada","2016A000011124","Seasonally adjusted at annual rates","Gross mixed income","Dollars","81","millions","6","v62295556","1.1.8","335256","","","","0"
"2023-04","Canada","2016A000011124","Seasonally adjusted at annual rates","Gross mixed income","Dollars","81","millions","6","v62295556","1.1.8","342960","","","","0"
"2023-07","Canada","2016A000011124","Seasonally adjusted at annual rates","Gross mixed income","Dollars","81","millions","6","v62295556","1.1.8","350624","","","","0"
"2023-10","Canada","2016A000011124","Seasonally adjusted at annual rates","Gross mixed income","Dollars","81","millions","6","v62295556","1.1.8","361204","","","","0"
"2024-01","Canada","2016A000011124","Seasonally adjusted at annual rates","Gross mixed income","Dollars","81","millions","6","v62295556","1.1.8","369652","","","","0"
"2024-04","Canada","2016A000011124","Seasonally adjusted at annual rates","Gross mixed income","Dollars","81","millions","6","v62295556","1.1.8","380324","","","","0"
"2024-07","Canada","2016A000011124","Seasonally adjusted at annual rates","Gross mixed income","Dollars","81","millions","6","v62295556","1.1.8","391008","","","","0"
"2024-10","Canada","2016A000011124","Seasonally adjusted at annual rates","Gross mixed income","Dollars","81","millions","6","v62295556","1.1.8","400128","","","","0"
"2015-10","Canada","2016A000011124","Seasonally adjusted at annual rates","Net mixed income","Dollars","81","millions","6","v62295557","1.1.9","180796","","","","0"
"2016-01","Canada","2016A000011124","Seasonally adjusted at annual rates","Net mixed income","Dollars","81","millions","6","v62295557","1.1.9","182032","","","","0"
"2016-04","Canada","2016A000011124","Seasonally adjusted at annual rates","Net mixed income","Dollars","81","millions","6","v62295557","1.1.9","183900","","","","0"
"2016-07","Canada","2016A000011124","Seasonally adjusted at annual rates","Net mixed income","Dollars","81","millions","6","v62295557","1.1.9","183256","","","","0"
"2016-10","Canada","2016A000011124","Seasonally adjusted at annual rates","Net mixed income","Dollars","81","millions","6","v62295557","1.1.9","185120","","","","0"
"2017-01","Canada","2016A000011124","Seasonally adjusted at annual rates","Net mixed income","Dollars","81","millions","6","v62295557","1.1.9","186528","","","","0"
"2017-04","Canada","2016A000011124","Seasonally adjusted at annual rates","Net mixed income","Dollars","81","millions","6","v62295557","1.1.9","189220","","","","0"
"2017-07","Canada","2016A000011124","Seasonally adjusted at annual rates","Net mixed income","Dollars","81","millions","6","v62295557","1.1.9","191424","","","","0"
"2017-10","Canada","2016A000011124","Seasonally adjusted at annual rates","Net mixed income","Dollars","81","millions","6","v62295557","1.1.9","194124","","","","0"
"2018-01","Canada","2016A000011124","Seasonally adjusted at annual rates","Net mixed income","Dollars","81","millions","6","v62295557","1.1.9","192888","","","","0"
"2018-04","Canada","2016A000011124","Seasonally adjusted at annual rates","Net mixed income","Dollars","81","millions","6","v62295557","1.1.9","194420","","","","0"
"2018-07","Canada","2016A000011124","Seasonally adjusted at annual rates","Net mixed income","Dollars","81","millions","6","v62295557","1.1.9","195708","","","","0"
"2018-10","Canada","2016A000011124","Seasonally adjusted at annual rates","Net mixed income","Dollars","81","millions","6","v62295557","1.1.9","199452","","","","0"
"2019-01","Canada","2016A000011124","Seasonally adjusted at annual rates","Net mixed income","Dollars","81","millions","6","v62295557","1.1.9","201412","","","","0"
"2019-04","Canada","2016A000011124","Seasonally adjusted at annual rates","Net mixed income","Dollars","81","millions","6","v62295557","1.1.9","205600","","","","0"
"2019-07","Canada","2016A000011124","Seasonally adjusted at annual rates","Net mixed income","Dollars","81","millions","6","v62295557","1.1.9","210068","","","","0"
"2019-10","Canada","2016A000011124","Seasonally adjusted at annual rates","Net mixed income","Dollars","81","millions","6","v62295557","1.1.9","214920","","","","0"
"2020-01","Canada","2016A000011124","Seasonally adjusted at annual rates","Net mixed income","Dollars","81","millions","6","v62295557","1.1.9","212768","","","","0"
"2020-04","Canada","2016A000011124","Seasonally adjusted at annual rates","Net mixed income","Dollars","81","millions","6","v62295557","1.1.9","201244","","","","0"
"2020-07","Canada","2016A000011124","Seasonally adjusted at annual rates","Net mixed income","Dollars","81","millions","6","v62295557","1.1.9","207856","","","","0"
"2020-10","Canada","2016A000011124","Seasonally adjusted at annual rates","Net mixed income","Dollars","81","millions","6","v62295557","1.1.9","207348","","","","0"
"2021-01","Canada","2016A000011124","Seasonally adjusted at annual rates","Net mixed income","Dollars","81","millions","6","v62295557","1.1.9","212668","","","","0"
"2021-04","Canada","2016A000011124","Seasonally adjusted at annual rates","Net mixed income","Dollars","81","millions","6","v62295557","1.1.9","214324","","","","0"
"2021-07","Canada","2016A000011124","Seasonally adjusted at annual rates","Net mixed income","Dollars","81","millions","6","v62295557","1.1.9","212724","","","","0"
"2021-10","Canada","2016A000011124","Seasonally adjusted at annual rates","Net mixed income","Dollars","81","millions","6","v62295557","1.1.9","211324","","","","0"
"2022-01","Canada","2016A000011124","Seasonally adjusted at annual rates","Net mixed income","Dollars","81","millions","6","v62295557","1.1.9","220548","","","","0"
"2022-04","Canada","2016A000011124","Seasonally adjusted at annual rates","Net mixed income","Dollars","81","millions","6","v62295557","1.1.9","229740","","","","0"
"2022-07","Canada","2016A000011124","Seasonally adjusted at annual rates","Net mixed income","Dollars","81","millions","6","v62295557","1.1.9","235604","","","","0"
"2022-10","Canada","2016A000011124","Seasonally adjusted at annual rates","Net mixed income","Dollars","81","millions","6","v62295557","1.1.9","240544","","","","0"
"2023-01","Canada","2016A000011124","Seasonally adjusted at annual rates","Net mixed income","Dollars","81","millions","6","v62295557","1.1.9","243860","","","","0"
"2023-04","Canada","2016A000011124","Seasonally adjusted at annual rates","Net mixed income","Dollars","81","millions","6","v62295557","1.1.9","249184","","","","0"
"2023-07","Canada","2016A000011124","Seasonally adjusted at annual rates","Net mixed income","Dollars","81","millions","6","v62295557","1.1.9","255736","","","","0"
"2023-10","Canada","2016A000011124","Seasonally adjusted at annual rates","Net mixed income","Dollars","81","millions","6","v62295557","1.1.9","264904","","","","0"
"2024-01","Canada","2016A000011124","Seasonally adjusted at annual rates","Net mixed income","Dollars","81","millions","6","v62295557","1.1.9","272124","","","","0"
"2024-04","Canada","2016A000011124","Seasonally adjusted at annual rates","Net mixed income","Dollars","81","millions","6","v62295557","1.1.9","282008","","","","0"
"2024-07","Canada","2016A000011124","Seasonally adjusted at annual rates","Net mixed income","Dollars","81","millions","6","v62295557","1.1.9","288512","","","","0"
"2024-10","Canada","2016A000011124","Seasonally adjusted at annual rates","Net mixed income","Dollars","81","millions","6","v62295557","1.1.9","296320","","","","0"
"2015-10","Canada","2016A000011124","Seasonally adjusted at annual rates","Consumption of fixed capital: unincorporated businesses","Dollars","81","millions","6","v62295558","1.1.10","58320","","","","0"
"2016-01","Canada","2016A000011124","Seasonally adjusted at annual rates","Consumption of fixed capital: unincorporated businesses","Dollars","81","millions","6","v62295558","1.1.10","58796","","","","0"
"2016-04","Canada","2016A000011124","Seasonally adjusted at annual rates","Consumption of fixed capital: unincorporated businesses","Dollars","81","millions","6","v62295558","1.1.10","64700","","","","0"
"2016-07","Canada","2016A000011124","Seasonally adjusted at annual rates","Consumption of fixed capital: unincorporated businesses","Dollars","81","millions","6","v62295558","1.1.10","60068","","","","0"
"2016-10","Canada","2016A000011124","Seasonally adjusted at annual rates","Consumption of fixed capital: unincorporated businesses","Dollars","81","millions","6","v62295558","1.1.10","59740","","","","0"
"2017-01","Canada","2016A000011124","Seasonally adjusted at annual rates","Consumption of fixed capital: unincorporated businesses","Dollars","81","millions","6","v62295558","1.1.10","61520","","","","0"
"2017-04","Canada","2016A000011124","Seasonally adjusted at annual rates","Consumption of fixed capital: unincorporated businesses","Dollars","81","millions","6","v62295558","1.1.10","61776","","","","0"
"2017-07","Canada","2016A000011124","Seasonally adjusted at annual rates","Consumption of fixed capital: unincorporated businesses","Dollars","81","millions","6","v62295558","1.1.10","62136","","","","0"
"2017-10","Canada","2016A000011124","Seasonally adjusted at annual rates","Consumption of fixed capital: unincorporated businesses","Dollars","81","millions","6","v62295558","1.1.10","63548","","","","0"
"2018-01","Canada","2016A000011124","Seasonally adjusted at annual rates","Consumption of fixed capital: unincorporated businesses","Dollars","81","millions","6","v62295558","1.1.10","64644","","","","0"
"2018-04","Canada","2016A000011124","Seasonally adjusted at annual rates","Consumption of fixed capital: unincorporated businesses","Dollars","81","millions","6","v62295558","1.1.10","66228","","","","0"
"2018-07","Canada","2016A000011124","Seasonally adjusted at annual rates","Consumption of fixed capital: unincorporated businesses","Dollars","81","millions","6","v62295558","1.1.10","66168","","","","0"
"2018-10","Canada","2016A000011124","Seasonally adjusted at annual rates","Consumption of fixed capital: unincorporated businesses","Dollars","81","millions","6","v62295558","1.1.10","66004","","","","0"
"2019-01","Canada","2016A000011124","Seasonally adjusted at annual rates","Consumption of fixed capital: unincorporated businesses","Dollars","81","millions","6","v62295558","1.1.10","67128","","","","0"
"2019-04","Canada","2016A000011124","Seasonally adjusted at annual rates","Consumption of fixed capital: unincorporated businesses","Dollars","81","millions","6","v62295558","1.1.10","67296","","","","0"
"2019-07","Canada","2016A000011124","Seasonally adjusted at annual rates","Consumption of fixed capital: unincorporated businesses","Dollars","81","millions","6","v62295558","1.1.10","67932","","","","0"
"2019-10","Canada","2016A000011124","Seasonally adjusted at annual rates","Consumption of fixed capital: unincorporated businesses","Dollars","81","millions","6","v62295558","1.1.10","69000","","","","0"
"2020-01","Canada","2016A000011124","Seasonally adjusted at annual rates","Consumption of fixed capital: unincorporated businesses","Dollars","81","millions","6","v62295558","1.1.10","69388","","","","0"
"2020-04","Canada","2016A000011124","Seasonally adjusted at annual rates","Consumption of fixed capital: unincorporated businesses","Dollars","81","millions","6","v62295558","1.1.10","70152","","","","0"
"2020-07","Canada","2016A000011124","Seasonally adjusted at annual rates","Consumption of fixed capital: unincorporated businesses","Dollars","81","millions","6","v62295558","1.1.10","70540","","","","0"
"2020-10","Canada","2016A000011124","Seasonally adjusted at annual rates","Consumption of fixed capital: unincorporated businesses","Dollars","81","millions","6","v62295558","1.1.10","71752","","","","0"
"2021-01","Canada","2016A000011124","Seasonally adjusted at annual rates","Consumption of fixed capital: unincorporated businesses","Dollars","81","millions","6","v62295558","1.1.10","73508","","","","0"
"2021-04","Canada","2016A000011124","Seasonally adjusted at annual rates","Consumption of fixed capital: unincorporated businesses","Dollars","81","millions","6","v62295558","1.1.10","76220","","","","0"
"2021-07","Canada","2016A000011124","Seasonally adjusted at annual rates","Consumption of fixed capital: unincorporated businesses","Dollars","81","millions","6","v62295558","1.1.10","80716","","","","0"
"2021-10","Canada","2016A000011124","Seasonally adjusted at annual rates","Consumption of fixed capital: unincorporated businesses","Dollars","81","millions","6","v62295558","1.1.10","82876","","","","0"
"2022-01","Canada","2016A000011124","Seasonally adjusted at annual rates","Consumption of fixed capital: unincorporated businesses","Dollars","81","millions","6","v62295558","1.1.10","86144","","","","0"
"2022-04","Canada","2016A000011124","Seasonally adjusted at annual rates","Consumption of fixed capital: unincorporated businesses","Dollars","81","millions","6","v62295558","1.1.10","87976","","","","0"
"2022-07","Canada","2016A000011124","Seasonally adjusted at annual rates","Consumption of fixed capital: unincorporated businesses","Dollars","81","millions","6","v62295558","1.1.10","88884","","","","0"
"2022-10","Canada","2016A000011124","Seasonally adjusted at annual rates","Consumption of fixed capital: unincorporated businesses","Dollars","81","millions","6","v62295558","1.1.10","90200","","","","0"
"2023-01","Canada","2016A000011124","Seasonally adjusted at annual rates","Consumption of fixed capital: unincorporated businesses","Dollars","81","millions","6","v62295558","1.1.10","91396","","","","0"
"2023-04","Canada","2016A000011124","Seasonally adjusted at annual rates","Consumption of fixed capital: unincorporated businesses","Dollars","81","millions","6","v62295558","1.1.10","93776","","","","0"
"2023-07","Canada","2016A000011124","Seasonally adjusted at annual rates","Consumption of fixed capital: unincorporated businesses","Dollars","81","millions","6","v62295558","1.1.10","94888","","","","0"
"2023-10","Canada","2016A000011124","Seasonally adjusted at annual rates","Consumption of fixed capital: unincorporated businesses","Dollars","81","millions","6","v62295558","1.1.10","96300","","","","0"
"2024-01","Canada","2016A000011124","Seasonally adjusted at annual rates","Consumption of fixed capital: unincorporated businesses","Dollars","81","millions","6","v62295558","1.1.10","97528","","","","0"
"2024-04","Canada","2016A000011124","Seasonally adjusted at annual rates","Consumption of fixed capital: unincorporated businesses","Dollars","81","millions","6","v62295558","1.1.10","98316","","","","0"
"2024-07","Canada","2016A000011124","Seasonally adjusted at annual rates","Consumption of fixed capital: unincorporated businesses","Dollars","81","millions","6","v62295558","1.1.10","102496","","","","0"
"2024-10","Canada","2016A000011124","Seasonally adjusted at annual rates","Consumption of fixed capital: unincorporated businesses","Dollars","81","millions","6","v62295558","1.1.10","103808","","","","0"
"2015-10","Canada","2016A000011124","Seasonally adjusted at annual rates","Taxes less subsidies on production","Dollars","81","millions","6","v62295559","1.1.11","90288","","","","0"
"2016-01","Canada","2016A000011124","Seasonally adjusted at annual rates","Taxes less subsidies on production","Dollars","81","millions","6","v62295559","1.1.11","90640","","","","0"
"2016-04","Canada","2016A000011124","Seasonally adjusted at annual rates","Taxes less subsidies on production","Dollars","81","millions","6","v62295559","1.1.11","89932","","","","0"
"2016-07","Canada","2016A000011124","Seasonally adjusted at annual rates","Taxes less subsidies on production","Dollars","81","millions","6","v62295559","1.1.11","90360","","","","0"
"2016-10","Canada","2016A000011124","Seasonally adjusted at annual rates","Taxes less subsidies on production","Dollars","81","millions","6","v62295559","1.1.11","91132","","","","0"
"2017-01","Canada","2016A000011124","Seasonally adjusted at annual rates","Taxes less subsidies on production","Dollars","81","millions","6","v62295559","1.1.11","92744","","","","0"
"2017-04","Canada","2016A000011124","Seasonally adjusted at annual rates","Taxes less subsidies on production","Dollars","81","millions","6","v62295559","1.1.11","97132","","","","0"
"2017-07","Canada","2016A000011124","Seasonally adjusted at annual rates","Taxes less subsidies on production","Dollars","81","millions","6","v62295559","1.1.11","97232","","","","0"
"2017-10","Canada","2016A000011124","Seasonally adjusted at annual rates","Taxes less subsidies on production","Dollars","81","millions","6","v62295559","1.1.11","98364","","","","0"
"2018-01","Canada","2016A000011124","Seasonally adjusted at annual rates","Taxes less subsidies on production","Dollars","81","millions","6","v62295559","1.1.11","99444","","","","0"
"2018-04","Canada","2016A000011124","Seasonally adjusted at annual rates","Taxes less subsidies on production","Dollars","81","millions","6","v62295559","1.1.11","99736","","","","0"
"2018-07","Canada","2016A000011124","Seasonally adjusted at annual rates","Taxes less subsidies on production","Dollars","81","millions","6","v62295559","1.1.11","98332","","","","0"
"2018-10","Canada","2016A000011124","Seasonally adjusted at annual rates","Taxes less subsidies on production","Dollars","81","millions","6","v62295559","1.1.11","99864","","","","0"
"2019-01","Canada","2016A000011124","Seasonally adjusted at annual rates","Taxes less subsidies on production","Dollars","81","millions","6","v62295559","1.1.11","101576","","","","0"
"2019-04","Canada","2016A000011124","Seasonally adjusted at annual rates","Taxes less subsidies on production","Dollars","81","millions","6","v62295559","1.1.11","103328","","","","0"
"2019-07","Canada","2016A000011124","Seasonally adjusted at annual rates","Taxes less subsidies on production","Dollars","81","millions","6","v62295559","1.1.11","104176","","","","0"
"2019-10","Canada","2016A000011124","Seasonally adjusted at annual rates","Taxes less subsidies on production","Dollars","81","millions","6","v62295559","1.1.11","102968","","","","0"
"2020-01","Canada","2016A000011124","Seasonally adjusted at annual rates","Taxes less subsidies on production","Dollars","81","millions","6","v62295559","1.1.11","85456","","","","0"
"2020-04","Canada","2016A000011124","Seasonally adjusted at annual rates","Taxes less subsidies on production","Dollars","81","millions","6","v62295559","1.1.11","-26160","","","","0"
"2020-07","Canada","2016A000011124","Seasonally adjusted at annual rates","Taxes less subsidies on production","Dollars","81","millions","6","v62295559","1.1.11","7168","","","","0"
"2020-10","Canada","2016A000011124","Seasonally adjusted at annual rates","Taxes less subsidies on production","Dollars","81","millions","6","v62295559","1.1.11","42544","","","","0"
"2021-01","Canada","2016A000011124","Seasonally adjusted at annual rates","Taxes less subsidies on production","Dollars","81","millions","6","v62295559","1.1.11","35716","","","","0"
"2021-04","Canada","2016A000011124","Seasonally adjusted at annual rates","Taxes less subsidies on production","Dollars","81","millions","6","v62295559","1.1.11","34036","","","","0"
"2021-07","Canada","2016A000011124","Seasonally adjusted at annual rates","Taxes less subsidies on production","Dollars","81","millions","6","v62295559","1.1.11","66556","","","","0"
"2021-10","Canada","2016A000011124","Seasonally adjusted at annual rates","Taxes less subsidies on production","Dollars","81","millions","6","v62295559","1.1.11","88308","","","","0"
"2022-01","Canada","2016A000011124","Seasonally adjusted at annual rates","Taxes less subsidies on production","Dollars","81","millions","6","v62295559","1.1.11","90572","","","","0"
"2022-04","Canada","2016A000011124","Seasonally adjusted at annual rates","Taxes less subsidies on production","Dollars","81","millions","6","v62295559","1.1.11","100820","","","","0"
"2022-07","Canada","2016A000011124","Seasonally adjusted at annual rates","Taxes less subsidies on production","Dollars","81","millions","6","v62295559","1.1.11","102108","","","","0"
"2022-10","Canada","2016A000011124","Seasonally adjusted at annual rates","Taxes less subsidies on production","Dollars","81","millions","6","v62295559","1.1.11","103892","","","","0"
"2023-01","Canada","2016A000011124","Seasonally adjusted at annual rates","Taxes less subsidies on production","Dollars","81","millions","6","v62295559","1.1.11","104276","","","","0"
"2023-04","Canada","2016A000011124","Seasonally adjusted at annual rates","Taxes less subsidies on production","Dollars","81","millions","6","v62295559","1.1.11","107332","","","","0"
"2023-07","Canada","2016A000011124","Seasonally adjusted at annual rates","Taxes less subsidies on production","Dollars","81","millions","6","v62295559","1.1.11","103780","","","","0"
"2023-10","Canada","2016A000011124","Seasonally adjusted at annual rates","Taxes less subsidies on production","Dollars","81","millions","6","v62295559","1.1.11","104336","","","","0"
"2024-01","Canada","2016A000011124","Seasonally adjusted at annual rates","Taxes less subsidies on production","Dollars","81","millions","6","v62295559","1.1.11","113604","","","","0"
"2024-04","Canada","2016A000011124","Seasonally adjusted at annual rates","Taxes less subsidies on production","Dollars","81","millions","6","v62295559","1.1.11","109488","","","","0"
"2024-07","Canada","2016A000011124","Seasonally adjusted at annual rates","Taxes less subsidies on production","Dollars","81","millions","6","v62295559","1.1.11","110388","","","","0"
"2024-10","Canada","2016A000011124","Seasonally adjusted at annual rates","Taxes less subsidies on production","Dollars","81","millions","6","v62295559","1.1.11","96072","","","","0"
"2015-10","Canada","2016A000011124","Seasonally adjusted at annual rates","Taxes less subsidies on products and imports","Dollars","81","millions","6","v62295560","1.1.12","135972","","","","0"
"2016-01","Canada","2016A000011124","Seasonally adjusted at annual rates","Taxes less subsidies on products and imports","Dollars","81","millions","6","v62295560","1.1.12","137208","","","","0"
"2016-04","Canada","2016A000011124","Seasonally adjusted at annual rates","Taxes less subsidies on products and imports","Dollars","81","millions","6","v62295560","1.1.12","139364","","","","0"
"2016-07","Canada","2016A000011124","Seasonally adjusted at annual rates","Taxes less subsidies on products and imports","Dollars","81","millions","6","v62295560","1.1.12","140636","","","","0"
"2016-10","Canada","2016A000011124","Seasonally adjusted at annual rates","Taxes less subsidies on products and imports","Dollars","81","millions","6","v62295560","1.1.12","140508","","","","0"
"2017-01","Canada","2016A000011124","Seasonally adjusted at annual rates","Taxes less subsidies on products and imports","Dollars","81","millions","6","v62295560","1.1.12","145876","","","","0"
"2017-04","Canada","2016A000011124","Seasonally adjusted at annual rates","Taxes less subsidies on products and imports","Dollars","81","millions","6","v62295560","1.1.12","149408","","","","0"
"2017-07","Canada","2016A000011124","Seasonally adjusted at annual rates","Taxes less subsidies on products and imports","Dollars","81","millions","6","v62295560","1.1.12","150012","","","","0"
"2017-10","Canada","2016A000011124","Seasonally adjusted at annual rates","Taxes less subsidies on products and imports","Dollars","81","millions","6","v62295560","1.1.12","151140","","","","0"
"2018-01","Canada","2016A000011124","Seasonally adjusted at annual rates","Taxes less subsidies on products and imports","Dollars","81","millions","6","v62295560","1.1.12","152300","","","","0"
"2018-04","Canada","2016A000011124","Seasonally adjusted at annual rates","Taxes less subsidies on products and imports","Dollars","81","millions","6","v62295560","1.1.12","152240","","","","0"
"2018-07","Canada","2016A000011124","Seasonally adjusted at annual rates","Taxes less subsidies on products and imports","Dollars","81","millions","6","v62295560","1.1.12","155756","","","","0"
"2018-10","Canada","2016A000011124","Seasonally adjusted at annual rates","Taxes less subsidies on products and imports","Dollars","81","millions","6","v62295560","1.1.12","148880","","","","0"
"2019-01","Canada","2016A000011124","Seasonally adjusted at annual rates","Taxes less subsidies on products and imports","Dollars","81","millions","6","v62295560","1.1.12","152636","","","","0"
"2019-04","Canada","2016A000011124","Seasonally adjusted at annual rates","Taxes less subsidies on products and imports","Dollars","81","millions","6","v62295560","1.1.12","153980","","","","0"
"2019-07","Canada","2016A000011124","Seasonally adjusted at annual rates","Taxes less subsidies on products and imports","Dollars","81","millions","6","v62295560","1.1.12","151468","","","","0"
"2019-10","Canada","2016A000011124","Seasonally adjusted at annual rates","Taxes less subsidies on products and imports","Dollars","81","millions","6","v62295560","1.1.12","148488","","","","0"
"2020-01","Canada","2016A000011124","Seasonally adjusted at annual rates","Taxes less subsidies on products and imports","Dollars","81","millions","6","v62295560","1.1.12","142412","","","","0"
"2020-04","Canada","2016A000011124","Seasonally adjusted at annual rates","Taxes less subsidies on products and imports","Dollars","81","millions","6","v62295560","1.1.12","115824","","","","0"
"2020-07","Canada","2016A000011124","Seasonally adjusted at annual rates","Taxes less subsidies on products and imports","Dollars","81","millions","6","v62295560","1.1.12","143476","","","","0"
"2020-10","Canada","2016A000011124","Seasonally adjusted at annual rates","Taxes less subsidies on products and imports","Dollars","81","millions","6","v62295560","1.1.12","144440","","","","0"
"2021-01","Canada","2016A000011124","Seasonally adjusted at annual rates","Taxes less subsidies on products and imports","Dollars","81","millions","6","v62295560","1.1.12","155780","","","","0"
"2021-04","Canada","2016A000011124","Seasonally adjusted at annual rates","Taxes less subsidies on products and imports","Dollars","81","millions","6","v62295560","1.1.12","165048","","","","0"
"2021-07","Canada","2016A000011124","Seasonally adjusted at annual rates","Taxes less subsidies on products and imports","Dollars","81","millions","6","v62295560","1.1.12","176220","","","","0"
"2021-10","Canada","2016A000011124","Seasonally adjusted at annual rates","Taxes less subsidies on products and imports","Dollars","81","millions","6","v62295560","1.1.12","180716","","","","0"
"2022-01","Canada","2016A000011124","Seasonally adjusted at annual rates","Taxes less subsidies on products and imports","Dollars","81","millions","6","v62295560","1.1.12","186412","","","","0"
"2022-04","Canada","2016A000011124","Seasonally adjusted at annual rates","Taxes less subsidies on products and imports","Dollars","81","millions","6","v62295560","1.1.12","194260","","","","0"
"2022-07","Canada","2016A000011124","Seasonally adjusted at annual rates","Taxes less subsidies on products and imports","Dollars","81","millions","6","v62295560","1.1.12","186184","","","","0"
"2022-10","Canada","2016A000011124","Seasonally adjusted at annual rates","Taxes less subsidies on products and imports","Dollars","81","millions","6","v62295560","1.1.12","187944","","","","0"
"2023-01","Canada","2016A000011124","Seasonally adjusted at annual rates","Taxes less subsidies on products and imports","Dollars","81","millions","6","v62295560","1.1.12","197852","","","","0"
"2023-04","Canada","2016A000011124","Seasonally adjusted at annual rates","Taxes less subsidies on products and imports","Dollars","81","millions","6","v62295560","1.1.12","201184","","","","0"
"2023-07","Canada","2016A000011124","Seasonally adjusted at annual rates","Taxes less subsidies on products and imports","Dollars","81","millions","6","v62295560","1.1.12","199132","","","","0"
"2023-10","Canada","2016A000011124","Seasonally adjusted at annual rates","Taxes less subsidies on products and imports","Dollars","81","millions","6","v62295560","1.1.12","197856","","","","0"
"2024-01","Canada","2016A000011124","Seasonally adjusted at annual rates","Taxes less subsidies on products and imports","Dollars","81","millions","6","v62295560","1.1.12","206256","","","","0"
"2024-04","Canada","2016A000011124","Seasonally adjusted at annual rates","Taxes less subsidies on products and imports","Dollars","81","millions","6","v62295560","1.1.12","205796","","","","0"
"2024-07","Canada","2016A000011124","Seasonally adjusted at annual rates","Taxes less subsidies on products and imports","Dollars","81","millions","6","v62295560","1.1.12","203984","","","","0"
"2024-10","Canada","2016A000011124","Seasonally adjusted at annual rates","Taxes less subsidies on products and imports","Dollars","81","millions","6","v62295560","1.1.12","205924","","","","0"
"2015-10","Canada","2016A000011124","Seasonally adjusted at annual rates","Statistical discrepancy","Dollars","81","millions","6","v62295561","1.1.13","1164","","","","0"
"2016-01","Canada","2016A000011124","Seasonally adjusted at annual rates","Statistical discrepancy","Dollars","81","millions","6","v62295561","1.1.13","-1164","","","","0"
"2016-04","Canada","2016A000011124","Seasonally adjusted at annual rates","Statistical discrepancy","Dollars","81","millions","6","v62295561","1.1.13","-1528","","","","0"
"2016-07","Canada","2016A000011124","Seasonally adjusted at annual rates","Statistical discrepancy","Dollars","81","millions","6","v62295561","1.1.13","-1276","","","","0"
"2016-10","Canada","2016A000011124","Seasonally adjusted at annual rates","Statistical discrepancy","Dollars","81","millions","6","v62295561","1.1.13","-1312","","","","0"
"2017-01","Canada","2016A000011124","Seasonally adjusted at annual rates","Statistical discrepancy","Dollars","81","millions","6","v62295561","1.1.13","1936","","","","0"
"2017-04","Canada","2016A000011124","Seasonally adjusted at annual rates","Statistical discrepancy","Dollars","81","millions","6","v62295561","1.1.13","172","","","","0"
"2017-07","Canada","2016A000011124","Seasonally adjusted at annual rates","Statistical discrepancy","Dollars","81","millions","6","v62295561","1.1.13","1032","","","","0"
"2017-10","Canada","2016A000011124","Seasonally adjusted at annual rates","Statistical discrepancy","Dollars","81","millions","6","v62295561","1.1.13","96","","","","0"
"2018-01","Canada","2016A000011124","Seasonally adjusted at annual rates","Statistical discrepancy","Dollars","81","millions","6","v62295561","1.1.13","-464","","","","0"
"2018-04","Canada","2016A000011124","Seasonally adjusted at annual rates","Statistical discrepancy","Dollars","81","millions","6","v62295561","1.1.13","440","","","","0"
"2018-07","Canada","2016A000011124","Seasonally adjusted at annual rates","Statistical discrepancy","Dollars","81","millions","6","v62295561","1.1.13","-160","","","","0"
"2018-10","Canada","2016A000011124","Seasonally adjusted at annual rates","Statistical discrepancy","Dollars","81","millions","6","v62295561","1.1.13","-136","","","","0"
"2019-01","Canada","2016A000011124","Seasonally adjusted at annual rates","Statistical discrepancy","Dollars","81","millions","6","v62295561","1.1.13","-1812","","","","0"
"2019-04","Canada","2016A000011124","Seasonally adjusted at annual rates","Statistical discrepancy","Dollars","81","millions","6","v62295561","1.1.13","-1464","","","","0"
"2019-07","Canada","2016A000011124","Seasonally adjusted at annual rates","Statistical discrepancy","Dollars","81","millions","6","v62295561","1.1.13","1304","","","","0"
"2019-10","Canada","2016A000011124","Seasonally adjusted at annual rates","Statistical discrepancy","Dollars","81","millions","6","v62295561","1.1.13","1452","","","","0"
"2020-01","Canada","2016A000011124","Seasonally adjusted at annual rates","Statistical discrepancy","Dollars","81","millions","6","v62295561","1.1.13","-524","","","","0"
"2020-04","Canada","2016A000011124","Seasonally adjusted at annual rates","Statistical discrepancy","Dollars","81","millions","6","v62295561","1.1.13","844","","","","0"
"2020-07","Canada","2016A000011124","Seasonally adjusted at annual rates","Statistical discrepancy","Dollars","81","millions","6","v62295561","1.1.13","-360","","","","0"
"2020-10","Canada","2016A000011124","Seasonally adjusted at annual rates","Statistical discrepancy","Dollars","81","millions","6","v62295561","1.1.13","-840","","","","0"
"2021-01","Canada","2016A000011124","Seasonally adjusted at annual rates","Statistical discrepancy","Dollars","81","millions","6","v62295561","1.1.13","-828","","","","0"
"2021-04","Canada","2016A000011124","Seasonally adjusted at annual rates","Statistical discrepancy","Dollars","81","millions","6","v62295561","1.1.13","-1212","","","","0"
"2021-07","Canada","2016A000011124","Seasonally adjusted at annual rates","Statistical discrepancy","Dollars","81","millions","6","v62295561","1.1.13","-136","","","","0"
"2021-10","Canada","2016A000011124","Seasonally adjusted at annual rates","Statistical discrepancy","Dollars","81","millions","6","v62295561","1.1.13","648","","","","0"
"2022-01","Canada","2016A000011124","Seasonally adjusted at annual rates","Statistical discrepancy","Dollars","81","millions","6","v62295561","1.1.13","-372","","","","0"
"2022-04","Canada","2016A000011124","Seasonally adjusted at annual rates","Statistical discrepancy","Dollars","81","millions","6","v62295561","1.1.13","-1336","","","","0"
"2022-07","Canada","2016A000011124","Seasonally adjusted at annual rates","Statistical discrepancy","Dollars","81","millions","6","v62295561","1.1.13","-964","","","","0"
"2022-10","Canada","2016A000011124","Seasonally adjusted at annual rates","Statistical discrepancy","Dollars","81","millions","6","v62295561","1.1.13","-868","","","","0"
"2023-01","Canada","2016A000011124","Seasonally adjusted at annual rates","Statistical discrepancy","Dollars","81","millions","6","v62295561","1.1.13","-1020","","","","0"
"2023-04","Canada","2016A000011124","Seasonally adjusted at annual rates","Statistical discrepancy","Dollars","81","millions","6","v62295561","1.1.13","-112","","","","0"
"2023-07","Canada","2016A000011124","Seasonally adjusted at annual rates","Statistical discrepancy","Dollars","81","millions","6","v62295561","1.1.13","20","","","","0"
"2023-10","Canada","2016A000011124","Seasonally adjusted at annual rates","Statistical discrepancy","Dollars","81","millions","6","v62295561","1.1.13","852","","","","0"
"2024-01","Canada","2016A000011124","Seasonally adjusted at annual rates","Statistical discrepancy","Dollars","81","millions","6","v62295561","1.1.13","-872","","","","0"
"2024-04","Canada","2016A000011124","Seasonally adjusted at annual rates","Statistical discrepancy","Dollars","81","millions","6","v62295561","1.1.13","-544","","","","0"
"2024-07","Canada","2016A000011124","Seasonally adjusted at annual rates","Statistical discrepancy","Dollars","81","millions","6","v62295561","1.1.13","-1860","","","","0"
"2024-10","Canada","2016A000011124","Seasonally adjusted at annual rates","Statistical discrepancy","Dollars","81","millions","6","v62295561","1.1.13","-492","","","","0"
"2015-10","Canada","2016A000011124","Seasonally adjusted at annual rates","Gross domestic product at market prices","Dollars","81","millions","6","v62295562","1.1.14","1991680","","","","0"
"2016-01","Canada","2016A000011124","Seasonally adjusted at annual rates","Gross domestic product at market prices","Dollars","81","millions","6","v62295562","1.1.14","1998420","","","","0"
"2016-04","Canada","2016A000011124","Seasonally adjusted at annual rates","Gross domestic product at market prices","Dollars","81","millions","6","v62295562","1.1.14","2002152","","","","0"
"2016-07","Canada","2016A000011124","Seasonally adjusted at annual rates","Gross domestic product at market prices","Dollars","81","millions","6","v62295562","1.1.14","2035420","","","","0"
"2016-10","Canada","2016A000011124","Seasonally adjusted at annual rates","Gross domestic product at market prices","Dollars","81","millions","6","v62295562","1.1.14","2066148","","","","0"
"2017-01","Canada","2016A000011124","Seasonally adjusted at annual rates","Gross domestic product at market prices","Dollars","81","millions","6","v62295562","1.1.14","2107948","","","","0"
"2017-04","Canada","2016A000011124","Seasonally adjusted at annual rates","Gross domestic product at market prices","Dollars","81","millions","6","v62295562","1.1.14","2130020","","","","0"
"2017-07","Canada","2016A000011124","Seasonally adjusted at annual rates","Gross domestic product at market prices","Dollars","81","millions","6","v62295562","1.1.14","2141752","","","","0"
"2017-10","Canada","2016A000011124","Seasonally adjusted at annual rates","Gross domestic product at market prices","Dollars","81","millions","6","v62295562","1.1.14","2182844","","","","0"
"2018-01","Canada","2016A000011124","Seasonally adjusted at annual rates","Gross domestic product at market prices","Dollars","81","millions","6","v62295562","1.1.14","2207068","","","","0"
"2018-04","Canada","2016A000011124","Seasonally adjusted at annual rates","Gross domestic product at market prices","Dollars","81","millions","6","v62295562","1.1.14","2240068","","","","0"
"2018-07","Canada","2016A000011124","Seasonally adjusted at annual rates","Gross domestic product at market prices","Dollars","81","millions","6","v62295562","1.1.14","2258952","","","","0"
"2018-10","Canada","2016A000011124","Seasonally adjusted at annual rates","Gross domestic product at market prices","Dollars","81","millions","6","v62295562","1.1.14","2236612","","","","0"
"2019-01","Canada","2016A000011124","Seasonally adjusted at annual rates","Gross domestic product at market prices","Dollars","81","millions","6","v62295562","1.1.14","2268912","","","","0"
"2019-04","Canada","2016A000011124","Seasonally adjusted at annual rates","Gross domestic product at market prices","Dollars","81","millions","6","v62295562","1.1.14","2312680","","","","0"
"2019-07","Canada","2016A000011124","Seasonally adjusted at annual rates","Gross domestic product at market prices","Dollars","81","millions","6","v62295562","1.1.14","2322476","","","","0"
"2019-10","Canada","2016A000011124","Seasonally adjusted at annual rates","Gross domestic product at market prices","Dollars","81","millions","6","v62295562","1.1.14","2350184","","","","0"
"2020-01","Canada","2016A000011124","Seasonally adjusted at annual rates","Gross domestic product at market prices","Dollars","81","millions","6","v62295562","1.1.14","2288016","","","","0"
"2020-04","Canada","2016A000011124","Seasonally adjusted at annual rates","Gross domestic product at market prices","Dollars","81","millions","6","v62295562","1.1.14","2015932","","","","0"
"2020-07","Canada","2016A000011124","Seasonally adjusted at annual rates","Gross domestic product at market prices","Dollars","81","millions","6","v62295562","1.1.14","2246484","","","","0"
"2020-10","Canada","2016A000011124","Seasonally adjusted at annual rates","Gross domestic product at market prices","Dollars","81","millions","6","v62295562","1.1.14","2331676","","","","0"
"2021-01","Canada","2016A000011124","Seasonally adjusted at annual rates","Gross domestic product at market prices","Dollars","81","millions","6","v62295562","1.1.14","2431388","","","","0"
"2021-04","Canada","2016A000011124","Seasonally adjusted at annual rates","Gross domestic product at market prices","Dollars","81","millions","6","v62295562","1.1.14","2488016","","","","0"
"2021-07","Canada","2016A000011124","Seasonally adjusted at annual rates","Gross domestic product at market prices","Dollars","81","millions","6","v62295562","1.1.14","2563304","","","","0"
"2021-10","Canada","2016A000011124","Seasonally adjusted at annual rates","Gross domestic product at market prices","Dollars","81","millions","6","v62295562","1.1.14","2660564","","","","0"
"2022-01","Canada","2016A000011124","Seasonally adjusted at annual rates","Gross domestic product at market prices","Dollars","81","millions","6","v62295562","1.1.14","2775108","","","","0"
"2022-04","Canada","2016A000011124","Seasonally adjusted at annual rates","Gross domestic product at market prices","Dollars","81","millions","6","v62295562","1.1.14","2890184","","","","0"
"2022-07","Canada","2016A000011124","Seasonally adjusted at annual rates","Gross domestic product at market prices","Dollars","81","millions","6","v62295562","1.1.14","2872008","","","","0"
"2022-10","Canada","2016A000011124","Seasonally adjusted at annual rates","Gross domestic product at market prices","Dollars","81","millions","6","v62295562","1.1.14","2866460","","","","0"
"2023-01","Canada","2016A000011124","Seasonally adjusted at annual rates","Gross domestic product at market prices","Dollars","81","millions","6","v62295562","1.1.14","2883136","","","","0"
"2023-04","Canada","2016A000011124","Seasonally adjusted at annual rates","Gross domestic product at market prices","Dollars","81","millions","6","v62295562","1.1.14","2904420","","","","0"
"2023-07","Canada","2016A000011124","Seasonally adjusted at annual rates","Gross domestic product at market prices","Dollars","81","millions","6","v62295562","1.1.14","2951168","","","","0"
"2023-10","Canada","2016A000011124","Seasonally adjusted at annual rates","Gross domestic product at market prices","Dollars","81","millions","6","v62295562","1.1.14","2996516","","","","0"
"2024-01","Canada","2016A000011124","Seasonally adjusted at annual rates","Gross domestic product at market prices","Dollars","81","millions","6","v62295562","1.1.14","3002252","","","","0"
"2024-04","Canada","2016A000011124","Seasonally adjusted at annual rates","Gross domestic product at market prices","Dollars","81","millions","6","v62295562","1.1.14","3053520","","","","0"
"2024-07","Canada","2016A000011124","Seasonally adjusted at annual rates","Gross domestic product at market prices","Dollars","81","millions","6","v62295562","1.1.14","3085980","","","","0"
"2024-10","Canada","2016A000011124","Seasonally adjusted at annual rates","Gross domestic product at market prices","Dollars","81","millions","6","v62295562","1.1.14","3134576","","","","0"


